category,market_name,seller_name,business_name,crawled_at,shoppinglive_seller_name,replay_title,replay_views,replay_url,store_url,profile_url
뷰티,르네휘테르 코리아,전현진,피에르파브르더모코스메틱코리아 (유),2026-03-24T01:55:44.190Z,뷰티룸,강희재 출연💚르네휘테르 포티샤 3+1외 두피케어 역대 혜택 LIVE,450000,https://view.shoppinglive.naver.com/replays/1848887,https://smartstore.naver.com/main/stores/2sWE1zYyuNBOP3T5sCuZF,https://brand.naver.com/renefurterer/profile?cp=2
뷰티,비플레인 beplain,정윤진,주식회사 모먼츠컴퍼니 (Moments Company Inc.),2026-03-24T01:55:44.190Z,뷰티룸,[단독론칭] 비플레인x페일 선파우더✨단독 사은품 증정🎁,220000,https://view.shoppinglive.naver.com/replays/1847390,https://smartstore.naver.com/main/stores/2sWDxPGpDYUwLGQVf9c0u,https://brand.naver.com/beplain/profile?cp=2
뷰티,유세린공식스토어,양정미,바이어스도르프 코리아(유),2026-03-24T01:55:44.190Z,유세린공식스토어,[앵콜재방송]유세린 에피셀린 1주년! 다시 어려지는 피부를 위한브랜드데이,4580,https://view.shoppinglive.naver.com/replays/1876918,https://smartstore.naver.com/main/stores/2sWDxclIoc1aYcaYzHz2t,https://brand.naver.com/eucerin/profile?cp=2
뷰티,브라운 공식 브랜드스토어,김희영,주식회사 이엘피스(E-엘피스),2026-03-24T01:55:44.190Z,브라운 공식 브랜드스토어,[신상 OPENRUN] 브라운 NEW 스킨쉴드 역대급 찬스⏳,260000,https://view.shoppinglive.naver.com/replays/1869631,https://smartstore.naver.com/main/stores/2sWDw43yyg3VSXFI6Xztn,https://brand.naver.com/braun/profile?cp=2
뷰티,바이오힐보 BOH,이선정,씨제이올리브영 주식회사,2026-03-24T01:55:44.190Z,바이오힐보 BOH,단 하루! 바이오힐보 3D리프팅 스킨케어 특가 LIVE,280000,https://view.shoppinglive.naver.com/replays/1871688,https://smartstore.naver.com/main/stores/2sWE0rp3MjzvnLFTjFPwZ,https://brand.naver.com/boh/profile?cp=2
뷰티,AROMATICA,"김영균,이준호",(주)아로마티카,2026-03-24T01:55:44.190Z,AROMATICA,~52%+15%💚 아로마티카 리필데이 LIVE♻️,380000,https://view.shoppinglive.naver.com/replays/1867021,https://smartstore.naver.com/main/stores/2sWDvmHy0l3Luqo35QcIb,https://brand.naver.com/aromatica/profile?cp=2
뷰티,니베아 브랜드샵,양정미,바이어스도르프 코리아(유),2026-03-24T01:55:44.190Z,니베아 브랜드샵,단독 니베아 신상위크 LIVE✨신상품 출시 특가+사은품🎁,1824,https://view.shoppinglive.naver.com/replays/1865113,https://smartstore.naver.com/main/stores/2sWE0E4T5d4OZlqIpjD1r,https://brand.naver.com/niveabrandshop/profile?cp=2
뷰티,자빈드서울,김다정,(주)다하우스,2026-03-24T01:55:44.190Z,자빈드서울,자빈드서울X호호뷰티 NEW 윙크 쿠션 쉐이드 프라이머 라이브 특가,1996,https://view.shoppinglive.naver.com/replays/1868728,https://smartstore.naver.com/main/stores/2sWDwwYXiPshllp8zzXdc,https://brand.naver.com/javindeseoul/profile?cp=1
뷰티,아이오페,김승환,(주)아모레퍼시픽,2026-03-24T01:55:44.190Z,아이오페,아이오페💙특수관리급 마스크 특집 라이브📺(UP TO 40%+@),2950,https://view.shoppinglive.naver.com/replays/1870018,https://smartstore.naver.com/main/stores/2sWDzcdGnlNKquaFxypj7,https://brand.naver.com/iope/profile?cp=2
뷰티,필립스,최낙훈,주식회사 필립스코리아,2026-03-24T01:55:44.190Z,필립스,[필립스] i9000 시리즈 라이브 특가+멤버십데이 추가 적립까지!,99000,https://view.shoppinglive.naver.com/replays/1876266,https://smartstore.naver.com/main/stores/2sWDvWpXclWlWnBum1Q9r,https://brand.naver.com/philips/profile?cp=2
뷰티,에끌라두 스토어,송지윤,주식회사 에끌라두,2026-03-24T01:55:44.190Z,에끌라두 스토어,내일 아침이 다르다! 🌙 밤사이 꽉 채우는 밀착 콜라겐 관리,321,https://view.shoppinglive.naver.com/replays/1877998,https://smartstore.naver.com/main/stores/2yTVd2BkZm4JFf9wnVIYw,https://brand.naver.com/eclado/profile?cp=1
뷰티,BlueCell,김상현,주식회사 서현뷰티코스메틱,2026-03-24T01:55:44.190Z,BlueCell,블루셀 ★18차완판★특가쿠폰+5만원상당 사은품증정!,187,https://view.shoppinglive.naver.com/replays/1879106,https://smartstore.naver.com/main/stores/2sWDzg9EmH6jPuE40wmoh,https://brand.naver.com/bluecell/profile?cp=1
뷰티,슈틸루스터,이정우,주식회사 쉔코리아,2026-03-24T01:55:44.190Z,슈틸루스터,남성분들도 숏컷 볼륨 자연스럽게 올릴 수 있어요🔥,158,https://view.shoppinglive.naver.com/replays/1877869,https://smartstore.naver.com/main/stores/2sWDzN1mMQ1LncT7Gx5xO,https://smartstore.naver.com/stilluster/profile?cp=1
뷰티,시래 SIRE,양정아,알앤알코리아,2026-03-24T01:55:44.190Z,시래 SIRE,"미세먼지,찌든때,메이크업으로 지친피부라면? 시래 포밍클렌징❤️",26000,https://view.shoppinglive.naver.com/replays/1876170,https://smartstore.naver.com/main/stores/31mdFynKJ4flrPyQGIQ18,https://smartstore.naver.com/sire_/profile?cp=1
뷰티,뷰티플글로우,명수진,명장(BEAUTIFULGLOW),2026-03-24T01:55:44.190Z,뷰티플글로우,"[겟유어앰플 라이브]줄기세포 배양액 엑소좀, 초신선 노화개선 앰플",193,https://view.shoppinglive.naver.com/replays/1878793,https://smartstore.naver.com/main/stores/2zlkL9QZ9uMf38pfzKfJz,https://smartstore.naver.com/beautifulglow/profile?cp=1
뷰티,베네피트 코스메틱스,한수진,베네피트코스메틱스코리아 유한회사,2026-03-24T01:55:44.190Z,베네피트 코스메틱스,🩷3월 23일🩷베네피트 NEW 플레이 데이즈 선론칭 기념 LIVE!,110000,https://view.shoppinglive.naver.com/replays/1865843,https://smartstore.naver.com/main/stores/2sWDzrvAQQ65JvwtNDv7C,https://brand.naver.com/benefitcosmeticskorea/profile?cp=2
뷰티,JMW,강민웅,주식회사 제이엠더블유,2026-03-24T01:55:44.190Z,JMW,[새출발페스타] JMW와 함께하는 빛나는 시작! 단독특가+역대급 사은품!,210000,https://view.shoppinglive.naver.com/replays/1864942,https://smartstore.naver.com/main/stores/2sWDxwm7rGM2x5UP1JlVH,https://brand.naver.com/jmwkorea/profile?cp=2
뷰티,셀비엠,이현일,피오제이(주),2026-03-24T01:55:44.190Z,셀비엠,🔥간증후기 쇄도🔥 레가토 물광고데기 43% 타임특가⏱️,210000,https://view.shoppinglive.naver.com/replays/1877924,https://smartstore.naver.com/main/stores/2tuBM7gl0hZEeT0k1phy0,https://smartstore.naver.com/poj/profile?cp=2
뷰티,유닉스전자,이충구,주식회사 유닉스,2026-03-24T01:55:44.190Z,유닉스전자,에어샷 랩모션으로 완성하는 봄나들이 스타일링,180000,https://view.shoppinglive.naver.com/replays/1875924,https://smartstore.naver.com/main/stores/2sWDxJdkJ67F6TYBekrcN,https://brand.naver.com/unix/profile?cp=2
뷰티,퍼플고릴라,박준오,에빈코리아 유한회사(EBIN KOREA LLC.),2026-03-24T01:55:44.190Z,퍼플고릴라,"AI 💜퍼플고릴라! 페이스 제모기 👉코털, 눈썹, 구렛나루, 볼 잔털",428,https://view.shoppinglive.naver.com/replays/1879107,https://smartstore.naver.com/main/stores/2sWE1z9pZUWAPLfoKdGPT,https://brand.naver.com/purplegorilla/profile?cp=2
뷰티,DASHING DIVA,조성재,제이씨코리아주식회사,2026-03-24T01:55:44.190Z,DASHING DIVA,[블루밍데이즈] 데싱디바 봄맞이 신상 컬렉션,230000,https://view.shoppinglive.naver.com/replays/1853273,https://smartstore.naver.com/main/stores/2sWDvgQ4nqugw1HU99DQs,https://brand.naver.com/dashingdiva/profile?cp=2
뷰티,뽀하얀,양정화,이로운코리아,2026-03-24T01:55:44.190Z,뽀하얀,벚꽃이.폈네요???❤️,148,https://view.shoppinglive.naver.com/replays/1878915,https://smartstore.naver.com/main/stores/2sWE1Zl2dlKrMOTNS56DT,https://smartstore.naver.com/tmdakdydak/profile?cp=2
뷰티,아크로패스,정도현,(주)라파스,2026-03-24T01:55:44.190Z,아크로패스,아크로패스💚트러블 루틴 키트💚 51% OFF,426,https://view.shoppinglive.naver.com/replays/1871379,https://smartstore.naver.com/main/stores/2sWDw4TE4mWybRlqlAxXJ,https://smartstore.naver.com/acropass/profile?cp=2
뷰티,아리따움 사천벌리점,김승환,(주)아모레퍼시픽,2026-03-24T01:55:44.190Z,아리따움 사천벌리점,마몽드 카밍샷 아쥴렌 흔적 수부앰플❤️❤️❤️,0,https://view.shoppinglive.naver.com/replays/1878401,https://smartstore.naver.com/main/stores/2t1ycQiAJ2PCgoP1OB4Hw,https://smartstore.naver.com/aritaum11008612/profile?cp=1
뷰티,쥬네클라,강병모,(주)엠에스케이파트너,2026-03-24T01:55:44.190Z,쥬네클라,칙칙한 피부톤 탄력고민! 쥬네클라 수분에너지로 속광 깨울시간,213,https://view.shoppinglive.naver.com/replays/1878694,https://smartstore.naver.com/main/stores/2z57xvVVXJx6G3t9IvSwx,https://smartstore.naver.com/mskpartner/profile?cp=1
뷰티,닥터딥,허미영,(주)미네랄하우스,2026-03-24T01:55:44.190Z,닥터딥,"[닥터딥] 📢최대~60%🔥+사은품 증정,적립까지🎁초특가 라이브",2708,https://view.shoppinglive.naver.com/replays/1871180,https://smartstore.naver.com/main/stores/2sWDxbnLlps5RAHBdBJk5,https://brand.naver.com/drdeep/profile?cp=2
뷰티,에이센트ASCENT,송해용,(주)알에이아이엔티,2026-03-24T01:55:44.190Z,에이센트ASCENT,[블루밍데이즈] 😍에이센트 샴푸 리뉴얼 기념 라이브 특가😍,54000,https://view.shoppinglive.naver.com/replays/1850156,https://smartstore.naver.com/main/stores/2sWDwyOOmLw5GBSa1pzfD,https://brand.naver.com/ascent/profile?cp=2
뷰티,라플레르-LAFLEUR,김지영,라플레르,2026-03-24T01:55:44.190Z,라플레르-LAFLEUR,리얼안티에이징 엑소메라앰플 | ⭐리페론 라이브단독구성 | 노탈리재생크림,714,https://view.shoppinglive.naver.com/replays/1876167,https://smartstore.naver.com/main/stores/2sWDvXtFMoJeiF9E7dsmr,https://smartstore.naver.com/lafleur37/profile?cp=2
뷰티,한국메디뷰티,방기령,쉬인어스,2026-03-24T01:55:44.190Z,한국메디뷰티,라이브방송 10% 할인 쿠폰,207,https://view.shoppinglive.naver.com/replays/1877302,https://smartstore.naver.com/main/stores/2sWDw4ks51e4VfchYE3qR,https://smartstore.naver.com/sheline/profile?cp=2
뷰티,스노우화이트뷰티,서여진,스노우화이트,2026-03-24T01:55:44.190Z,스노우화이트뷰티,완퍈의 완판템 드디어 왔어요😋,237,https://view.shoppinglive.naver.com/replays/1878320,https://smartstore.naver.com/main/stores/2sWDyaW7qZ8JO1jCpO9DI,https://smartstore.naver.com/s-white/profile?cp=2
뷰티,동국제약 센텔리안24,송준호,동국제약(주),2026-03-24T01:55:44.190Z,동국제약 센텔리안24,[가전스페셜리그]NEW 토닝샷 앰플 신상 위크 막차 라이브!🏃🏻💨,79000,https://view.shoppinglive.naver.com/replays/1865396,https://smartstore.naver.com/main/stores/2sWDvQvPCqsV1h2LOHVhE,https://brand.naver.com/centellian24/profile?cp=2
뷰티,메시아케이,한충희,메시아 K(MESIA-K),2026-03-24T01:55:44.190Z,메시아케이,메시아케이의 쇼핑라이브,223,https://view.shoppinglive.naver.com/replays/1878202,https://smartstore.naver.com/main/stores/2sWDwevaty99Y5hkmV9ek,https://smartstore.naver.com/7617610z/profile?cp=1
뷰티,thewon,김원영,더원컴퍼니,2026-03-24T01:55:44.190Z,thewon,NEW✨같은 판테놀이라도 덱스판테놀은 달라요~무려 15% 헉!!,0,https://view.shoppinglive.naver.com/replays/1878154,https://smartstore.naver.com/main/stores/2sWE0fy9Z3Vhi6pZsmsHf,https://smartstore.naver.com/thewoncompany/profile?cp=2
뷰티,꼼블리앙,박가영,주식회사 서가글로벌,2026-03-24T01:55:44.190Z,꼼블리앙,꼼블리앙의 쇼핑라이브,0,https://view.shoppinglive.naver.com/replays/1878199,https://smartstore.naver.com/main/stores/2ysdyVG1q76hLz215A5SD,https://smartstore.naver.com/seogacosmetic/profile?cp=1
뷰티,피어스킨,백상현,코오롱스포츠,2026-03-24T01:55:44.190Z,피어스킨,"피부속부터 차오르는 물광 탄력✨울파인 물방울리프팅, 피부 좋아졌단 소리",1314,https://view.shoppinglive.naver.com/replays/1863010,https://smartstore.naver.com/main/stores/2sWDxtSFEADK73O3BCw3H,https://smartstore.naver.com/gallery-seohyun/profile?cp=2
뷰티,에스와이코스메틱스,김중환,"에스와이코스메틱스 주식회사(SY COSMETICS CO.,LTD.)",2026-03-24T01:55:44.190Z,에스와이코스메틱스,[마지막 토요 LIVE] 신유빈이 쓰는 줄기세포 화장품이 50% OFF,141,https://view.shoppinglive.naver.com/replays/1876810,https://smartstore.naver.com/main/stores/2xFhPpCsHbdNKYUGoQ6H3,https://smartstore.naver.com/sycosmetics/profile?cp=1
뷰티,리빙BOX,복진세,(주)서울코리아,2026-03-24T01:55:44.190Z,리빙BOX,[리빙박스 브랜드데이] 탈모증상완화 HY365 수소샴푸 뿌리볼륨 샴푸,130,https://view.shoppinglive.naver.com/replays/1877217,https://smartstore.naver.com/main/stores/2sWDwx50S51t7CRMeDSQB,https://smartstore.naver.com/seoulliving/profile?cp=2
뷰티,미쁘다희경,채희경,더샘,2026-03-24T01:55:44.190Z,미쁘다희경,스킨볼릭 ❤️하나사면 하나더!!❤️피부컨디션 복구 로즈 토닉로션 1+1,192,https://view.shoppinglive.naver.com/replays/1860787,https://smartstore.naver.com/main/stores/2sWE1DAdmj2gnUVYmu5IV,https://smartstore.naver.com/heekyoung/profile?cp=2
뷰티,KITO,안준영,주식회사 더시그니처컴퍼니,2026-03-24T01:55:44.190Z,KITO,"단, 한장으로 끝내는 인생팩! #키토팩 #키톡스",329,https://view.shoppinglive.naver.com/replays/1875783,https://smartstore.naver.com/main/stores/2sWDwuKhsbkz8C8VUmL5W,https://smartstore.naver.com/thesignature/profile?cp=1
뷰티,유니자르,심필보,주식회사 유니자르,2026-03-24T01:55:44.190Z,유니자르,💙유니자르💙 세라놀 카밍 크림 런칭기념 1+1 이벤트 🎊,726,https://view.shoppinglive.naver.com/replays/1876541,https://smartstore.naver.com/main/stores/2sWE0ndAoc2jbzFLr45Hy,https://smartstore.naver.com/unizaar/profile?cp=1
뷰티,Like No Other,손덕수,주식회사 메디르(Medir Inc.),2026-03-24T01:55:44.190Z,Like No Other,염색 컬러 오래 유지하고 싶다면🎁라이크노아더 컬러 지속 앰플,1034,https://view.shoppinglive.naver.com/replays/1874069,https://smartstore.naver.com/main/stores/2ziT11KNRa4DXaiuVWlDX,https://smartstore.naver.com/like_no_other/profile?cp=1
뷰티,멘소래담 공식 온라인스토어,임현정,맨소래덤아시아퍼시픽 주식회사,2026-03-24T01:55:44.190Z,멘소래담 공식 온라인스토어,🌸Spring Beauty Week! 봄맞이 내 피부 긴급처방🌸,52000,https://view.shoppinglive.naver.com/replays/1867024,https://smartstore.naver.com/main/stores/2sWDzZ9juMe35DEiF6NtY,https://brand.naver.com/mentholatum/profile?cp=2
뷰티,레이비 LEIVY,"전맥,김민희",주식회사 라온글로벌,2026-03-24T01:55:44.190Z,레이비 LEIVY,[블루밍] 🐶가나디X레이비 콜라보 최대 43% 특가+단독 굿즈 증정,53000,https://view.shoppinglive.naver.com/replays/1860399,https://smartstore.naver.com/main/stores/2sWDva1KNgp6NJ0jJHGCI,https://brand.naver.com/leivy/profile?cp=2
푸드,비에날몰,김명희,(주)에이스바이옴,2026-03-24T01:55:44.190Z,비에날몰,[67%] 비에날씬 브랜드데이! 역대급 할인 혜택 🎉💚,630000,https://view.shoppinglive.naver.com/replays/1856329,https://smartstore.naver.com/main/stores/2sWDxoZTNQtcRIULdZaLp,https://brand.naver.com/bnrmall/profile?cp=2
푸드,드시모네 스토어,"이경민,김석진",주식회사 헥토헬스케어,2026-03-24T01:55:44.190Z,드시모네 스토어,드시모네 오늘끝딜 단독혜택 ⏰초특가 종료임박,170000,https://view.shoppinglive.naver.com/replays/1858940,https://smartstore.naver.com/main/stores/2sWDvlcvdah1iROaNx2qN,https://brand.naver.com/desimone/profile?cp=2
푸드,CJ제일제당,,,2026-03-24T01:55:44.190Z,와우 먹방,[제일제당 특가] Ai vs 인간 쇼호스트 판매 대결! 당신의 선택은?,180000,https://view.shoppinglive.naver.com/replays/1869400,,
푸드,매일유업 직영스토어,"김선희,곽정우,이인기",매일유업 주식회사,2026-03-24T01:55:44.190Z,just do EAT,주말 폭식한 사람🙋‍♀️ 가벼운 한팩❗ 루틴 ✨신상 매일야채 호박의힘✨,180000,https://view.shoppinglive.naver.com/replays/1857003,https://smartstore.naver.com/main/stores/2sWDwG7kddvdjEsGVY8dR,https://brand.naver.com/maeil/profile?cp=2
푸드,센트룸 공식스토어,박재민,주식회사 트렉시,2026-03-24T01:55:44.190Z,센트룸 공식스토어,[블루밍] 센트룸 Day 라이브에서만 추가혜택😍,200000,https://view.shoppinglive.naver.com/replays/1855385,https://smartstore.naver.com/main/stores/2sWDvmemD4vSI2sKwD6cf,https://brand.naver.com/centrum/profile?cp=2
푸드,뉴트리원공식스토어,권진혁,주식회사 뉴트리원,2026-03-24T01:55:44.190Z,뉴트리원공식스토어,[뉴트리원] 브랜드데이 혜택 그대로! 앵콜 라이브 3천원+7%,4266,https://view.shoppinglive.naver.com/replays/1859216,https://smartstore.naver.com/main/stores/2sWDvyGTLp9vyNEJLrXKy,https://brand.naver.com/nutrione/profile?cp=2
푸드,솔가 공식스토어,이희준,주식회사 현대바이오랜드 서울,2026-03-24T01:55:44.190Z,솔가 공식스토어,솔가💛최대65%💛+10% 슈퍼적립데이,240000,https://view.shoppinglive.naver.com/replays/1866154,https://smartstore.naver.com/main/stores/2sWE0CWvxLYyWnJ546Fnn,https://brand.naver.com/solgar/profile?cp=2
푸드,광동제약 직영스토어,"최성원,박상영",광동제약(주),2026-03-24T01:55:44.190Z,광동제약 직영스토어,삼다수퍼위크💙 단 하루❗ 삼다수 최대 혜택,9494,https://view.shoppinglive.naver.com/replays/1875582,https://smartstore.naver.com/main/stores/2sWDzmns3fHdu9p8sODde,https://brand.naver.com/kwangdong/profile?cp=2
푸드,밋앤밀,정낙궁,주식회사 잭슨코리아,2026-03-24T01:55:44.190Z,밋앤밀,★LIVE특가★ 부산 대저토마토 라이브 특가~!,296,https://view.shoppinglive.naver.com/replays/1877881,https://smartstore.naver.com/main/stores/2sWE0rYsB2rrwVI0Ksqdy,https://smartstore.naver.com/jacksonshopping/profile?cp=2
푸드,CJ웰케어 스토어,윤상배,씨제이웰케어 주식회사,2026-03-24T01:55:44.190Z,CJ웰케어 스토어,[CJ웰케어] 오늘도⭐멜라한 모닝🌞소윤의 모닝라디오,68000,https://view.shoppinglive.naver.com/replays/1865001,https://smartstore.naver.com/main/stores/2sWE04mkY3xv6AYSZxJM5,https://brand.naver.com/cj_wellcare/profile?cp=2
푸드,밀프레드,임재희,주식회사 푸드희스토리,2026-03-24T01:55:44.190Z,밀프레드,[오늘의 반값 할인]바질페스토파스타,90,https://view.shoppinglive.naver.com/replays/1879271,https://smartstore.naver.com/main/stores/2sWDxWw2TentJCqUBCzOj,https://smartstore.naver.com/heefoodstory/profile?cp=1
푸드,제주웨스트우드수산,장인호,주식회사 제주푸드,2026-03-24T01:55:44.190Z,제주웨스트우드수산,제주웨스트우드수산의 쇼핑라이브,401,https://view.shoppinglive.naver.com/replays/1879238,https://smartstore.naver.com/main/stores/2sWDz0sZmx6n0HWxUsOba,https://smartstore.naver.com/westwoodseafood/profile?cp=2
푸드,홍게어때,송경미,홍게어때,2026-03-24T01:55:44.190Z,홍게어때,"*홍게어때 라이브 특가* 홍게 특별 구성 36,900원",208,https://view.shoppinglive.naver.com/replays/1879232,https://smartstore.naver.com/main/stores/2yEYWkyWo4zAPi8QbpspM,https://smartstore.naver.com/ghdrpdjeo/profile?cp=1
푸드,가미정샤보리,김상진,가미정샤보리,2026-03-24T01:55:44.190Z,가미정샤보리,손수제비 한그릇 뚝딱 구매인증 이벤트 파김치증정,151,https://view.shoppinglive.naver.com/replays/1878877,https://smartstore.naver.com/main/stores/2sWDwkHu91DP973ngW2Q2,https://smartstore.naver.com/munsk/profile?cp=1
푸드,데이즈온공식스토어,김윤세,데이즈온(주),2026-03-24T01:55:44.190Z,데이즈온공식스토어,[라이브단독혜택✨] 파라다이스그레인 버닝 쇼핑라이브 최초공개!,569,https://view.shoppinglive.naver.com/replays/1875296,https://smartstore.naver.com/main/stores/2sWDw6RStLnS7Y7oSC4ST,https://brand.naver.com/dayson/profile?cp=2
푸드,컬리N마트,,,2026-03-24T01:55:44.190Z,컬리N마트,[드시모네] 최대 55%할인+증정+방송 중 이벤트,13000,https://view.shoppinglive.naver.com/replays/1864232,https://smartstore.naver.com/main/stores/2ziS1u9lIChTTlPacuRu1,
푸드,순자네김치,남용현,순자네김치,2026-03-24T01:55:44.190Z,순자네김치,열무얼갈이 자박이 특가‼️ 생 알밤깻잎김치 특가,135,https://view.shoppinglive.naver.com/replays/1878603,https://smartstore.naver.com/main/stores/2sWDzZrVW6EQGbTiZqWu7,https://smartstore.naver.com/sunjakimci/profile?cp=1
푸드,바디랩,권태일,주식회사 홀라이프,2026-03-24T01:55:44.190Z,바디랩,3월 바디랩 쇼핑라이브,1981,https://view.shoppinglive.naver.com/replays/1877084,https://smartstore.naver.com/main/stores/2sWDwuXxyMqOMiEzA1g7R,https://brand.naver.com/bodylab/profile?cp=2
푸드,고기소녀,김서영,주식회사 다온미트,2026-03-24T01:55:44.190Z,고기소녀,"쫄깃쫄깃 찰순대😍오늘 라이브에서 17% 할인! 4,900원",588,https://view.shoppinglive.naver.com/replays/1876923,https://smartstore.naver.com/main/stores/2sWDzJEGbPCOth4zPcNee,https://brand.naver.com/meatgirl/profile?cp=2
푸드,천호엔케어,황연하,(주)천호엔케어 서울지점,2026-03-24T01:55:44.190Z,천호엔케어,[블루밍] ~84% 환절기 건강은 천호엔케어🤗,1239,https://view.shoppinglive.naver.com/replays/1850014,https://smartstore.naver.com/main/stores/2sWDxJQOIU9yggKLVNt3u,https://brand.naver.com/chunhoncare/profile?cp=2
푸드,봉길상회,최준식,봉길상회,2026-03-24T01:55:44.190Z,봉길상회,봉길상회의 쇼핑라이브,45,https://view.shoppinglive.naver.com/replays/1879160,https://smartstore.naver.com/main/stores/2sWE1uxwqb4XDSHGTVT3K,https://smartstore.naver.com/bonggil/profile?cp=1
푸드,죽은척하는생선가게,박준규,죽은척하는생선가게,2026-03-24T01:55:44.190Z,죽은척하는생선가게,[죽생가] 삼치 할인판매,55,https://view.shoppinglive.naver.com/replays/1879149,https://smartstore.naver.com/main/stores/2sWE1YSiHmDuMRKgKgfrQ,https://smartstore.naver.com/goodfish999/profile?cp=1
푸드,천담온,"김지영,이수정",주식회사 천담온 (Chundamon Inc.),2026-03-24T01:55:44.190Z,천담온,"🌸천담온과 시작해,봄🌸 랭킹 1위🏆천담온 흑염소",852,https://view.shoppinglive.naver.com/replays/1877319,https://smartstore.naver.com/main/stores/2sWE1MkILS1cWu6cV0dGi,https://brand.naver.com/chundamon/profile?cp=1
푸드,초정담,서성원,초정담,2026-03-24T01:55:44.190Z,초정담,"맛있게 한 그릇 뚝딱! 뜨끈한 한우 사골곰탕, 특별한 혜택과 함께!🎁",275,https://view.shoppinglive.naver.com/replays/1876960,https://smartstore.naver.com/main/stores/2sWDyZ0q5YgQpMIPD9NrF,https://brand.naver.com/chojeongdam/profile?cp=1
푸드,은이세끼,송은이,주식회사 쇼보,2026-03-24T01:55:44.190Z,은이세끼,환절기 건강 흑염소즙으로 챙기세요,526,https://view.shoppinglive.naver.com/replays/1878903,https://smartstore.naver.com/main/stores/2sWDykGDO9ZM0pfXFxLmi,https://brand.naver.com/euni3/profile?cp=1
푸드,박가미닭갈비,박가미,가미닭갈비913,2026-03-24T01:55:44.190Z,박가미닭갈비,2년 연속 블루리본 수록된 27년 전통 닭갈비 한팩에 10980원!!,100,https://view.shoppinglive.naver.com/replays/1879136,https://smartstore.naver.com/main/stores/2sWE0pFZwZ7niQyH9o8BM,https://smartstore.naver.com/pkmdakgalbi/profile?cp=1
푸드,은영이떡볶이,지은영,스타별,2026-03-24T01:55:44.190Z,은영이떡볶이,지금 초특가! 은영이떡볶이 🩷 단비쇼,1528,https://view.shoppinglive.naver.com/replays/1878675,https://smartstore.naver.com/main/stores/2sWDzWAitQuRddz49itms,https://brand.naver.com/s2/profile?cp=2
푸드,풀무원건강생활,"김진홍,박광순",풀무원건강생활(주),2026-03-24T01:55:44.190Z,풀무원건강생활,🥕마시는 채소 과일 프레시업+서리태콩즙! 최대 49%혜택+리뷰 3천P,325,https://view.shoppinglive.naver.com/replays/1878191,https://smartstore.naver.com/main/stores/2ulewpRvlzfM5jorOIKcm,https://brand.naver.com/pulmuonehealth/profile?cp=2
푸드,휴온스N,손동철,(주)휴온스엔,2026-03-24T01:55:44.190Z,휴온스N,방치하면 늦습니다.. 지금 당장 갱년기 케어하세요!!😂,1624,https://view.shoppinglive.naver.com/replays/1877312,https://smartstore.naver.com/main/stores/2sWDz8S8jtATycWu22j2j,https://brand.naver.com/huons/profile?cp=2
푸드,오카라이브,오민승,주식회사 오카코퍼레이션,2026-03-24T01:55:44.190Z,오카라이브,👑프리미엄 엑스트라버진을 그대로~ 산도 0.15% 초저산도 올리브캡슐,0,https://view.shoppinglive.naver.com/replays/1876279,https://smartstore.naver.com/main/stores/2vds66N5zCtxh5BMaybd4,https://smartstore.naver.com/okachoice/profile?cp=2
푸드,익스트림공식스토어,이승엽,(주)익스트림,2026-03-24T01:55:44.190Z,익스트림공식스토어,익스트림 봄맞이 건강 LIVE🌸,0,https://view.shoppinglive.naver.com/replays/1870065,https://smartstore.naver.com/main/stores/2sWE0Tc9dSbtRUvbNrCCG,https://brand.naver.com/exxxtreme/profile?cp=2
푸드,인생식탁,이종하,주식회사 로컬테이블,2026-03-24T01:55:44.190Z,인생식탁,"딱 48시간! 모자숯불갈비 수제양념LA갈비 1kg 29,800원+2팩무배",0,https://view.shoppinglive.naver.com/replays/1878938,https://smartstore.naver.com/main/stores/2sWDwCz52OEJkvt1KSifl,https://brand.naver.com/local/profile?cp=2
푸드,저스트베이글스,김승환,주식회사 에이엠피테크,2026-03-24T01:55:44.190Z,저스트베이글스,최대 40%할인 뉴욕베이글 저칼로리 무지방 비건 다이어트 베이글,0,https://view.shoppinglive.naver.com/replays/1877272,https://smartstore.naver.com/main/stores/2xOGd38jh0W3afh8l3yOv,https://smartstore.naver.com/justbagels/profile?cp=1
푸드,사철마켓,박균배,주식회사 아이에스글로벌커머스,2026-03-24T01:55:44.190Z,사철마켓,"만다린, 대저토마토 라이브 전용 할인!",143,https://view.shoppinglive.naver.com/replays/1878780,https://smartstore.naver.com/main/stores/31wrVOyqQNk1P2bKMIjfr,https://smartstore.naver.com/fourseasonsmarket__/profile?cp=2
푸드,인정식탁,김명중,(주)인정푸드테크,2026-03-24T01:55:44.190Z,인정식탁,인정식탁 신선한 홍게,0,https://view.shoppinglive.naver.com/replays/1878846,https://smartstore.naver.com/main/stores/2sWDvNdlyX3vc1DuW3Lan,https://smartstore.naver.com/ijeshop/profile?cp=2
푸드,진도잇츠,홍명숙,주식회사 스마트알뜰장터,2026-03-24T01:55:44.190Z,진도잇츠,"🍲 “버터구이, 전복죽, 전복장까지! 어떤 요리든 풍미가 확 달라집니다",0,https://view.shoppinglive.naver.com/replays/1877878,https://smartstore.naver.com/main/stores/2sWE0QBFs5yStvhjJOl6n,https://smartstore.naver.com/smartmarket2042/profile?cp=1
푸드,더 건강 플러스,김덕환,더건강플러스,2026-03-24T01:55:44.190Z,더 건강 플러스,[AI 라이브×라이온] 스페인 유기농 엑스트라버진 올리브유 올리브오일,50,https://view.shoppinglive.naver.com/replays/1878532,https://smartstore.naver.com/main/stores/2u3IDSjWZOdAncYE4Eygu,https://smartstore.naver.com/cheapernet/profile?cp=1
푸드,힘가네,한아라,주식회사 하니팁알앤디 (HoneyTip R&D),2026-03-24T01:55:44.190Z,힘가네,[실시간 고민 상담] 퇴근 전 기력 방전? 한약사가 설계한 진한 쌍화차,1015,https://view.shoppinglive.naver.com/replays/1877819,https://smartstore.naver.com/main/stores/2sWE0FYsHTxoWfQTAdARg,https://brand.naver.com/himgane/profile?cp=2
푸드,휴럼본사,김진석,주식회사 휴럼,2026-03-24T01:55:44.190Z,휴럼본사,[뮴&비타웰 어린이 젤리👭]1시간 초특가 라이브🎉,733,https://view.shoppinglive.naver.com/replays/1875954,https://smartstore.naver.com/main/stores/2sWDvOWSOLrUEYMZwpSTe,https://brand.naver.com/hurum/profile?cp=2
푸드,갈릭803,이철중,가월영농조합법인,2026-03-24T01:55:44.190Z,갈릭803,100% 국내산 갈릭803 창녕 깐마늘 1kg 특가 싱싱하게 당일발송,302,https://view.shoppinglive.naver.com/replays/1876749,https://smartstore.naver.com/main/stores/2sWDyW58SSIbcD3D9ewUV,https://brand.naver.com/garlic803/profile?cp=1
푸드,그린로드 스토어,김지용,농업회사법인 주식회사 그린로드,2026-03-24T01:55:44.190Z,그린로드 스토어,그린로드 스토어의 쇼핑라이브,181,https://view.shoppinglive.naver.com/replays/1878711,https://smartstore.naver.com/main/stores/2sWE06AKrTiWpYUWjmGcT,https://smartstore.naver.com/greenroadstore/profile?cp=1
푸드,홀베리,김대원,홀푸드코리아주식회사,2026-03-24T01:55:44.190Z,홀베리,[홀베리]990원 번개특가⚡단 1시간만 진행하는 빅세일!(재고임박),2593,https://view.shoppinglive.naver.com/replays/1871649,https://smartstore.naver.com/main/stores/2uyGBUXzdSC1rGeQueD2d,https://brand.naver.com/wholeberry/profile?cp=2
푸드,하린이네쭈꾸미,정영일,주식회사 어니스트쿡,2026-03-24T01:55:44.190Z,하린이네쭈꾸미,하린이네쭈꾸미의 쇼핑라이브,0,https://view.shoppinglive.naver.com/replays/1878640,https://smartstore.naver.com/main/stores/2sWDw305HIiXOBAhXQXmE,https://brand.naver.com/harin2ne/profile?cp=2
푸드,한바다김치,노주원,(주) 한바다,2026-03-24T01:55:44.190Z,한바다김치,다반필 김치찌개 밀키트 런칭 열무 대파 포기 김치 1.2kg 9900원,0,https://view.shoppinglive.naver.com/replays/1878623,https://smartstore.naver.com/main/stores/2w84PiO0IGbCygN545jZD,https://smartstore.naver.com/davanpil/profile?cp=1
푸드,황금곱창,최기로,주식회사더황금푸드,2026-03-24T01:55:44.190Z,황금곱창,🎀 황금곱창 소곱창전골 밀키트 쇼핑라이브! 🎀,0,https://view.shoppinglive.naver.com/replays/1877657,https://smartstore.naver.com/main/stores/2sWE13repTyreph42P9lZ,https://smartstore.naver.com/hwanggeum_gopchang/profile?cp=1
푸드,동성로형님떡볶이,이은희,동성로형님떡볶이,2026-03-24T01:55:44.190Z,동성로형님떡볶이,[블루밍데이즈] 💗동성로형님떡볶이 2인분💗3+3 초특가 🎉🎉,0,https://view.shoppinglive.naver.com/replays/1850073,https://smartstore.naver.com/main/stores/2sWDzFSnjfRnA7QAakSqR,https://smartstore.naver.com/donghyungtteok/profile?cp=1
푸드,리얼넛츠,김은식,(주)맑은농산,2026-03-24T01:55:44.190Z,리얼넛츠,리얼넛츠 첫 런칭방송! 최저가+두쫀초 무료증정!,194,https://view.shoppinglive.naver.com/replays/1877691,https://smartstore.naver.com/main/stores/2sWDvULcbbi7iYU3w9fML,https://smartstore.naver.com/realnuts/profile?cp=1
푸드,로버츠베리에,김기옥,(주) 오와이로버츠앱,2026-03-24T01:55:44.190Z,로버츠베리에,[블루밍] 로버츠베리에 라즈베리 특집! 구매만 해도 커피증정?!🎁💕,643,https://view.shoppinglive.naver.com/replays/1858239,https://smartstore.naver.com/main/stores/2sWDzGSDIfRDR6RssUCgc,https://brand.naver.com/robertsberrie/profile?cp=2
푸드,슈퍼너츠,원한별,주식회사 슈퍼너츠,2026-03-24T01:55:44.190Z,슈퍼너츠,[블루밍데이즈x슈퍼너츠] 피넛버터 라이브 앵콜 기획전🔥,1632,https://view.shoppinglive.naver.com/replays/1856874,https://smartstore.naver.com/main/stores/2sWDwAKLLOElbQs8WrZrb,https://brand.naver.com/supernuts/profile?cp=2
푸드,이마트몰,,,2026-03-24T01:55:44.190Z,이마트몰,3월 이마트몰 브랜드데이!,9221,https://view.shoppinglive.naver.com/replays/1875631,https://shopping.naver.com/outlink/storehome/101309003,
패션,수아르SOIR,신지훈,겟잇센스(Get It Sense),2026-03-24T01:55:44.190Z,수아르SOIR,3/23 10%+5%할인! 제작 랩 팬츠 & 드디어 파는 소가죽가방,4091,https://view.shoppinglive.naver.com/replays/1875545,https://smartstore.naver.com/main/stores/2sWDvW75qVckT9NcyBaFD,https://smartstore.naver.com/soir/profile?cp=2
패션,제네럴아이디어,최범석,주식회사 포이닉스,2026-03-24T01:55:44.190Z,제네럴아이디어,[제너럴아이디어] 브랜드데이 최대 60% 라이브 2부,210000,https://view.shoppinglive.naver.com/replays/1875389,https://smartstore.naver.com/main/stores/2sWDvUByC2RzXfo0PJ8dy,https://brand.naver.com/generalidea/profile?cp=2
패션,주식회사 코르딕스,이민혁,(주)코르딕스,2026-03-24T01:55:44.190Z,주식회사 코르딕스,[~59%OFF] 코르딕스 🌸벚꽃과 여행하는✈️ 캐리어 라이브,742,https://view.shoppinglive.naver.com/replays/1877444,https://smartstore.naver.com/main/stores/2x9H32qH5TJUTC37P38Z1,https://brand.naver.com/cordix/profile?cp=2
패션,데카트론 코리아,구정연,"주식회사 데카트론코리아(DECATHLON KOREA CO., LTD.)",2026-03-24T01:55:44.190Z,데카트론 코리아,러닝 뉴시즌 단독 혜택 & 최대 10% 적립,5004,https://view.shoppinglive.naver.com/replays/1869351,https://smartstore.naver.com/main/stores/2sWDz16JtJkFJMs7Ro902,https://brand.naver.com/decathlonkorea/profile?cp=2
패션,더봄,이혜민,주식회사 더봄앤컴퍼니,2026-03-24T01:55:44.190Z,더봄,더봄❤️봄신상 할인 Live~!,4293,https://view.shoppinglive.naver.com/replays/1877871,https://smartstore.naver.com/main/stores/2sWDvWH89Eg5XOWkXW04i,https://smartstore.naver.com/the-bom/profile?cp=2
패션,듀엘,,,2026-03-24T01:55:44.190Z,듀엘,💗롯데김해 듀엘의 단독 특가 라이브,10000,https://view.shoppinglive.naver.com/replays/1842677,https://shopping.naver.com/outlink/storehome/100660538,
패션,던스트,유재혁,주식회사 씨티닷츠,2026-03-24T01:55:44.190Z,던스트,[던스트] 봄 신상 단독 최대 혜택,270000,https://view.shoppinglive.naver.com/replays/1871237,https://smartstore.naver.com/main/stores/2sWDyz9jzjK7Vq8MWqqqD,https://brand.naver.com/dunststore/profile?cp=2
패션,유라타임,,,2026-03-24T01:55:44.190Z,유라타임,유라타임🌱주말라이브초특가SALE,9191,https://view.shoppinglive.naver.com/replays/1865487,https://shopping.naver.com/outlink/storehome/100119444,
패션,메리제이,,,2026-03-24T01:55:44.190Z,메리제이,토요일2부⭐️캐쥬얼 마감🩵청남방 있으세요?!😆,6356,https://view.shoppinglive.naver.com/replays/1878175,https://shopping.naver.com/outlink/storehome/100022603,
패션,메르언니,이명제,(주)마레,2026-03-24T01:55:44.190Z,메르언니,메르언니의 쇼핑라이브,0,https://view.shoppinglive.naver.com/replays/1879097,https://smartstore.naver.com/main/stores/2sWE13UG3y7ZMJFBb3Q4L,https://smartstore.naver.com/mermershop/profile?cp=1
패션,터치그라운드,최영,(주)터치그라운드,2026-03-24T01:55:44.190Z,터치그라운드,내 발에 완벽한 휴식! 폭신폭신 출퇴근 운동화 & 사무실 슬리퍼 모음전,87,https://view.shoppinglive.naver.com/replays/1877539,https://smartstore.naver.com/main/stores/2sWDvlPHZQkCRqe0LVAM8,https://smartstore.naver.com/touchground/profile?cp=2
패션,메르시제이부티크,권명진,(주) 엘메르시,2026-03-24T01:55:44.190Z,메르시제이부티크,"""오늘 예쁘네?"" 소리 듣는 메르시제이만의 유니크 봄 코디",1877,https://view.shoppinglive.naver.com/replays/1878830,https://smartstore.naver.com/main/stores/2sWDviah5zpTqXgiUAyEG,https://smartstore.naver.com/jboutique/profile?cp=2
패션,홈커밍.,김유림,달링데일리원,2026-03-24T01:55:44.190Z,홈커밍.,❤️노.브.라 3피스 잠옷❤️ 기획전 할인전♥️,310,https://view.shoppinglive.naver.com/replays/1874866,https://smartstore.naver.com/main/stores/2tBjFkGXscKagp7wQUIQO,https://smartstore.naver.com/home_comming/profile?cp=2
패션,노멀마미,김은태,주식회사 노멀컴퍼니,2026-03-24T01:55:44.190Z,노멀마미,"신상 할인가10%,그리고 추가할인2,000 혜택 오직 라이브 방송중에만!",992,https://view.shoppinglive.naver.com/replays/1879115,https://smartstore.naver.com/main/stores/2xRf5lzrkKy3d7VqD9CyK,https://smartstore.naver.com/normalmommy/profile?cp=2
패션,쥬니앤,,,2026-03-24T01:55:44.190Z,쥬니앤,쥬니앤의 쇼핑라이브,405,https://view.shoppinglive.naver.com/replays/1879196,https://shopping.naver.com/outlink/storehome/100052805,
라이프,레이디가구 몰,송윤섭,"주식회사 조이웍스앤코(JOYWORKS&Co Co.,Ltd.)",2026-03-24T01:55:44.190Z,레이디가구 몰,[레이디가구]🚨단독입수! 3/23 오늘만 가능한 멤버십데이 90분혜택,1940,https://view.shoppinglive.naver.com/replays/1869775,https://smartstore.naver.com/main/stores/2sWDvwNIgG2tNKaCyUUND,https://brand.naver.com/ladymall/profile?cp=2
라이프,휘슬러코리아 공식,이경우,휘슬러코리아 (주),2026-03-24T01:55:44.190Z,휘슬러코리아 공식,[휘슬러 웨딩페스타] 신혼 주방 필수템 라이브 특가,20000,https://view.shoppinglive.naver.com/replays/1865734,https://smartstore.naver.com/main/stores/2sWDyWZwMIJtkHoBnZ4wL,https://brand.naver.com/fissler/profile?cp=2
라이프,로얄캐닌 전문점,,,2026-03-24T01:55:44.190Z,네이버Show핑라이브,[강아지의날 메가위크] 최대 15% 쿠폰 받고 댕댕이 선물하자🐕 1일차,160000,https://view.shoppinglive.naver.com/replays/1871153,,
라이프,지누스몰,,,2026-03-24T01:55:44.190Z,The 가구,"[희망일배송] 지누스&듀오백&보니애가구, 무료배송+원하는 날짜에 도착👌",180000,https://view.shoppinglive.naver.com/replays/1865983,,
라이프,iloom일룸,,,2026-03-24T01:55:44.190Z,The 가구,[The가구x일룸]업모션테이블 & 엠버소파 봄맞이 인테리어 준비 끝!,350000,https://view.shoppinglive.naver.com/replays/1851668,,
라이프,dorelan korea,조원석,(주)돌레란코리아,2026-03-24T01:55:44.190Z,Wooah한부엌,돌레란 BEST 베개&침구 최대 36%할인+우아한 LIVE 역대급단독혜택,180000,https://view.shoppinglive.naver.com/replays/1845522,https://smartstore.naver.com/main/stores/2sWE1Wi1XO9LqggoMOCCw,https://brand.naver.com/dorelankorea/profile?cp=2
라이프,PUPPING,원정미,주식회사 제이월드산업,2026-03-24T01:55:44.190Z,PUPPING,[메가위크] 퍼핑 강아지의 날X오늘끝딜 초특가 LIVE,17000,https://view.shoppinglive.naver.com/replays/1856823,https://smartstore.naver.com/main/stores/2sWDvljAZwV0jPJvhToY5,https://brand.naver.com/pupping/profile?cp=2
라이프,스타우브 공식스토어,KIM GYE RIM,디케이에스에이치코리아(주),2026-03-24T01:55:44.190Z,스타우브 공식스토어,[앵콜재방송] [스타우브]가격 인상 전 마지막 라이브! UP TO 61%,4594,https://view.shoppinglive.naver.com/replays/1876723,https://smartstore.naver.com/main/stores/2sWDvmSgkHfPLxXHA9SgD,https://brand.naver.com/staub/profile?cp=2
라이프,한국마즈펫공식온라인몰,이현호,주식회사리우,2026-03-24T01:55:44.190Z,한국마즈펫공식온라인몰,강아지의 날 X 신상위크 새로운 시저캔 최초공개,2464,https://view.shoppinglive.naver.com/replays/1860471,https://smartstore.naver.com/main/stores/2sWDvoMjpz0ReJbEKTSbw,https://brand.naver.com/marskorea/profile?cp=2
라이프,퍼플고릴라,박준오,에빈코리아 유한회사(EBIN KOREA LLC.),2026-03-24T01:55:44.190Z,퍼플고릴라,AI ✅ 색상 이염 방지 ✅ 흰옷·컬러옷 함께 세탁 ✅ 간편하게 한 장만,525,https://view.shoppinglive.naver.com/replays/1879290,https://smartstore.naver.com/main/stores/2sWE1z9pZUWAPLfoKdGPT,https://brand.naver.com/purplegorilla/profile?cp=2
라이프,폴인퍼니,안영남,주식회사 폴인퍼니,2026-03-24T01:55:44.190Z,폴인퍼니,[블루밍데이즈] 폴인퍼니 식탁/소파 봄맞이 초특가 LIVE🌼,3104,https://view.shoppinglive.naver.com/replays/1868299,https://smartstore.naver.com/main/stores/2sWDxH19HPKZ8vrxnqdpK,https://brand.naver.com/fallinfuni/profile?cp=2
라이프,아망떼,오희택,(주)평안,2026-03-24T01:55:44.190Z,아망떼,[아망떼] 알러지케어 신상 이불커버 라이브 특가🤍,1913,https://view.shoppinglive.naver.com/replays/1864080,https://smartstore.naver.com/main/stores/2sWDvN6Knpt7vosQdoMRq,https://brand.naver.com/amante/profile?cp=2
라이프,브람스안마의자,장채민,(주)브람스생활건강,2026-03-24T01:55:44.190Z,브람스안마의자,[앵콜] [브람스안마의자] 올인S&아우라 초특가 LIVE🎁,72000,https://view.shoppinglive.naver.com/replays/1862125,https://smartstore.naver.com/main/stores/2sWDwPqH5HL9S1QKfrg4S,https://brand.naver.com/brams/profile?cp=1
라이프,센스맘 SENSEMOM,강경모,주식회사 센스맘,2026-03-24T01:55:44.190Z,센스맘 SENSEMOM,[블루밍데이즈] 👉센스맘 투사이드+토퍼 최대 혜택!‼️🎊,270000,https://view.shoppinglive.naver.com/replays/1856781,https://smartstore.naver.com/main/stores/2sWDw0Y0nssSOTi95DSNm,https://brand.naver.com/sensemom/profile?cp=2
라이프,클라우드백,박효진,토이퍼니처,2026-03-24T01:55:44.190Z,클라우드백,멤버십데이 특집! 핑크색 컴퓨터의자 벚꽃의자 출시기념 라이브💮,1823,https://view.shoppinglive.naver.com/replays/1856339,https://smartstore.naver.com/main/stores/2sWDwtAfPcGTK1tric2f8,https://brand.naver.com/cloudback/profile?cp=1
라이프,트리디 TreeD,정요한,트리디,2026-03-24T01:55:44.190Z,트리디 TreeD,티크 우드 요리도마 라이브시간 구매시 무료배송 + 사은품,95,https://view.shoppinglive.naver.com/replays/1878039,https://smartstore.naver.com/main/stores/2sWDzp6sD02OAiHTx6pFx,https://smartstore.naver.com/treedirector/profile?cp=2
라이프,PAWTNER,박성준,미니맥스,2026-03-24T01:55:44.190Z,PAWTNER,[메가위크] ~50% 💖사료는 스웨덴 𝗛𝘂𝘀𝘀𝗲!,393,https://view.shoppinglive.naver.com/replays/1868434,https://smartstore.naver.com/main/stores/2sWDwg1RZkGWdwRbe7wW9,https://smartstore.naver.com/husse/profile?cp=2
라이프,큐라덴코리아,CLIFFORD ZUR NIEDEN,유한회사 큐라덴코리아 (Curaden Korea LLC),2026-03-24T01:55:44.190Z,큐라덴코리아,[큐라프록스] 생일파티에 초대합니다,2575,https://view.shoppinglive.naver.com/replays/1870375,https://smartstore.naver.com/main/stores/2sWDzps3PM8Icriw6UZh0,https://smartstore.naver.com/hubicom/profile?cp=2
라이프,아마조나 스토어,유훈민,아마조나,2026-03-24T01:55:44.190Z,아마조나 스토어,🎁귀염뽀짝 굿즈 팝업🎁 말랑콩떡 온라인 팝업 시작 라이브💛,315,https://view.shoppinglive.naver.com/replays/1878162,https://smartstore.naver.com/main/stores/2v6CEbhUB7LOY2vq0Qs94,https://smartstore.naver.com/amazonastore/profile?cp=2
라이프,딥몽,정진교,파이브지코퍼레이션 주식회사,2026-03-24T01:55:44.190Z,딥몽,[딥몽] 멤버십데이 시그니처 매트리스 ~8% 적립 라이브!,380,https://view.shoppinglive.naver.com/replays/1875735,https://smartstore.naver.com/main/stores/2sWE0GaXBI0BnY6lbG0Zo,https://brand.naver.com/deepmong/profile?cp=1
라이프,웰스파 Welspa,한기동,에스엠테크놀로지,2026-03-24T01:55:44.190Z,웰스파 Welspa,원적외선 근적외선 듀얼 마사지 웰스파 복대형 찜질기🔥,42,https://view.shoppinglive.naver.com/replays/1868732,https://smartstore.naver.com/main/stores/2sktBIG7nrOk7pvhs7GCF,https://smartstore.naver.com/dongmoa/profile?cp=1
라이프,질레트공식몰,이지영,한국피앤지판매유한회사,2026-03-24T01:55:44.190Z,질레트공식몰,💚질레트X브랜드위크💚부드럽게 쓱- 매끈하게 싹-,0,https://view.shoppinglive.naver.com/replays/1877528,https://smartstore.naver.com/main/stores/2sWDyTBZnw6UtRSmDl1US,https://brand.naver.com/gillettekr/profile?cp=2
라이프,템포 공식몰,정효정,템포코리아 주식회사,2026-03-24T01:55:44.190Z,템포 공식몰,2026 템포 스프링 페스타 : 꽃가루 걱정 끝!,0,https://view.shoppinglive.naver.com/replays/1874142,https://smartstore.naver.com/main/stores/2sWDvja6pYcaErS3ongXa,https://brand.naver.com/tempokorea/profile?cp=2
라이프,레스토닉침대,조광호,(주)레스토닉코리아,2026-03-24T01:55:44.190Z,레스토닉침대,[AI라이브]💕꿀잠보장💕 프리미엄 매트리스는[레스토닉 에코플러스],0,https://view.shoppinglive.naver.com/replays/1870086,https://smartstore.naver.com/main/stores/2sWDyQXcMm2edd2UYCeEc,https://brand.naver.com/restonic/profile?cp=2
라이프,MUNIKUND,허소미,뮤니쿤트(MUNIKUND),2026-03-24T01:55:44.190Z,MUNIKUND,[강아지의날] 봄맞이 뮤니펫페어🌼 UP TO 33%,0,https://view.shoppinglive.naver.com/replays/1869618,https://smartstore.naver.com/main/stores/2sWDwyCJVR22478cGYzHV,https://smartstore.naver.com/munikund/profile?cp=2
라이프,디어랩스 공식몰,문휘찬,(주)힐미,2026-03-24T01:55:44.190Z,디어랩스 공식몰,[디어랩스] 역대급 혜택으로 돌아온 100원의 기적!,0,https://view.shoppinglive.naver.com/replays/1865882,https://smartstore.naver.com/main/stores/2sWE0Df7ePbymXU9KVh55,https://brand.naver.com/dearlabs/profile?cp=2
라이프,메이드인랩,안정욱,주식회사 굿굿스,2026-03-24T01:55:44.190Z,메이드인랩,[메가위크] 메이드인랩 강아지의날 이벤트❤️,247,https://view.shoppinglive.naver.com/replays/1851738,https://smartstore.naver.com/main/stores/2tI42yOmz6b7D5bBx0wez,https://brand.naver.com/madeinlab/profile?cp=2
라이프,피피랙,"김정도,이성호",(주)수나비,2026-03-24T01:55:44.190Z,피피랙,[희니쇼호스트] 볼트도 소음도 없는 피피랙 앵글선반,168,https://view.shoppinglive.naver.com/replays/1876516,https://smartstore.naver.com/main/stores/2sWDx9O4kuT3xardbfjoT,https://brand.naver.com/soonavi/profile?cp=2
라이프,dot3,이현지,리리컴퍼니(LEELEE COMPANY),2026-03-24T01:55:44.190Z,dot3,"봄맞이 대청소 필수템, 길이 조절, 각도 조절 자유로운 클로비 더스터",3219,https://view.shoppinglive.naver.com/replays/1872422,https://smartstore.naver.com/main/stores/2tu7gny2zdrczQ2M0Num6,https://smartstore.naver.com/dot3/profile?cp=1
라이프,에쎕떱 SSFW,곽재은,주식회사 바잇미,2026-03-24T01:55:44.190Z,에쎕떱 SSFW,[메가위크] 라이브 ONLY 특가🌷 SSFW 봄맞이 이동가방 ~25%,50000,https://view.shoppinglive.naver.com/replays/1865243,https://smartstore.naver.com/main/stores/2sWDvhbreLa5lJpMPY7fv,https://brand.naver.com/ssfw/profile?cp=1
라이프,샤랩바이오,한문호,주식회사 샤랩바이오,2026-03-24T01:55:44.190Z,샤랩바이오,[메가위크] 강아지의 날🐶 서울대 교수의 프리미엄 강아지 영양제💙,290000,https://view.shoppinglive.naver.com/replays/1859361,https://smartstore.naver.com/main/stores/2xxYugEZ6g4OBGnGqcute,https://brand.naver.com/shalabbio/profile?cp=2
라이프,이리온몰공식,정윤호,주식회사 이피코리아,2026-03-24T01:55:44.190Z,이리온몰공식,[메가위크] ANF 연령별 사료 론칭! 체험특가,100000,https://view.shoppinglive.naver.com/replays/1859203,https://smartstore.naver.com/main/stores/2sWE0me9MeXh2Aq8hXMVD,https://brand.naver.com/irion-mall/profile?cp=2
여행/체험,ILGB,,,2026-03-24T01:55:44.190Z,대구관광라이브커머스,🎁대구관광상품을 맞추면 선물이 팡팡!,305,https://view.shoppinglive.naver.com/replays/1872266,,
여행/체험,핫플트립,정세종,주식회사 엠티엠비코리아,2026-03-24T01:55:44.190Z,핫플트립,[핫플버스] 경주여행 버스투어 당일치기 여행패키지 ⭐특가할인⭐,78,https://view.shoppinglive.naver.com/replays/1874421,https://smartstore.naver.com/main/stores/2sWDxnWkC8iCvq8Qgciap,https://smartstore.naver.com/nestjeju/profile?cp=1
여행/체험,뽀로로 아쿠아빌리지,,,2026-03-24T01:55:44.190Z,뽀로로 아쿠아빌리지,뽀로로 아쿠아빌리지 천연 온천수 스파 최대 66% 할인!,200000,https://view.shoppinglive.naver.com/replays/1866243,,
여행/체험,천안 오션어드벤처,,,2026-03-24T01:55:44.190Z,천안 오션어드벤처,봄시즌 온천수과 함께하는 천안 오션어드벤처!,3065,https://view.shoppinglive.naver.com/replays/1873934,,
여행/체험,에버랜드,,,2026-03-24T01:55:44.190Z,에버랜드,워킹사파리부터 곧 시작될 튤립축제까지! 에버랜드에서 즐겨보세요,180000,https://view.shoppinglive.naver.com/replays/1874839,,
여행/체험,유심사스토어,유상혁,가제트코리아 주식회사,2026-03-24T01:55:44.190Z,유심사스토어,"[20% OFF]두쫀쿠,봄동비빔밥 다음 유행은 유심사✈️",3143,https://view.shoppinglive.naver.com/replays/1871217,https://smartstore.naver.com/main/stores/2sWE0Q4R7IR8cDdiaYHOY,https://brand.naver.com/usimsa/profile?cp=2
여행/체험,웅진플레이도시,,,2026-03-24T01:55:44.190Z,웅진플레이도시,최대 56% 할인! 웅진플레이도시로 봄 나들이 가봄 🌸,7035,https://view.shoppinglive.naver.com/replays/1871287,,
여행/체험,네이버 여행상품,,,2026-03-24T01:55:44.190Z,네이버 여행상품,[딱! 2주만] 노랑풍선 발리 55만원부터~,410000,https://view.shoppinglive.naver.com/replays/1864409,,
여행/체험,대구 이월드,,,2026-03-24T01:55:44.190Z,대구 이월드,"일년 중 가장 아름다운 이월드의 봄, 벚꽃축제부터 불꽃쇼까지!",190000,https://view.shoppinglive.naver.com/replays/1866496,,
여행/체험,도시락이심,김만중,(주)와이드모바일,2026-03-24T01:55:44.190Z,도시락이심,20% 할인 하나봄🌸 인기국가 3천 페이백은 덤!,3322,https://view.shoppinglive.naver.com/replays/1869428,https://smartstore.naver.com/main/stores/2sWDwVTXkrNAMFbtBqJ7T,https://brand.naver.com/dosirakesim/profile?cp=2
여행/체험,아쿠아플라넷 일산,,,2026-03-24T01:55:44.190Z,아쿠아플라넷,3월 봄 나들이는 아쿠아플라넷으로! 최대 48% 단독 특가!,170000,https://view.shoppinglive.naver.com/replays/1864517,,
여행/체험,로봇랜드,,,2026-03-24T01:55:44.190Z,로봇랜드,"봄바람 타고 즐기는 로봇 어드벤처, 로봇랜드에서 만나요!",644,https://view.shoppinglive.naver.com/replays/1861103,,
여행/체험,투어트리,정제경,주식회사 투어트리(tourtree),2026-03-24T01:55:44.190Z,투어트리,"삼일절 대한민국을 만나는 가장 의미있는 여행, 울릉도&독도 3박4일",190000,https://view.shoppinglive.naver.com/replays/1851955,https://smartstore.naver.com/main/stores/2zRHT9Dxg23Z5JHzfgbCU,https://smartstore.naver.com/tourtree/profile?cp=1
여행/체험,아쿠아필드,,,2026-03-24T01:55:44.190Z,아쿠아필드,도심 속 따뜻한 힐링타임! 아쿠아필드&센텀스파 쇼핑라이브 단독 특가!,2074,https://view.shoppinglive.naver.com/replays/1850108,,
여행/체험,원더파크,,,2026-03-24T01:55:44.190Z,원더파크,베베핀 x 과천 원더파크! 네이버 쇼핑라이브 단독 특가!,0,https://view.shoppinglive.naver.com/replays/1846840,,
여행/체험,캐리비안베이,,,2026-03-24T01:55:44.190Z,캐리비안베이,따뜻한 즐길거리가 더 풍성해진 윈터 스파 캐비! 라이브 특가~71% 할인,0,https://view.shoppinglive.naver.com/replays/1845411,,
여행/체험,곤지암 리조트 스키장,,,2026-03-24T01:55:44.190Z,곤지암리조트 X 쇼핑라이브,최대 35% 할인! 수도권 최단거리 곤지암리조트 스키장 라이브 특가⛷️,1195,https://view.shoppinglive.naver.com/replays/1844387,,
여행/체험,아쿠아플라넷 광교,,,2026-03-24T01:55:44.190Z,아쿠아플라넷,설 연휴 가족나들이는 아쿠아플라넷! 최대 51% 할인 라이브 💙,190000,https://view.shoppinglive.naver.com/replays/1842270,,
여행/체험,대구아쿠아리움,,,2026-03-24T01:55:44.190Z,대구아쿠아리움,방송중 50% 할인! 대구 아쿠아리움 입장권+위시캣 관람패키지 특별 할인,3114,https://view.shoppinglive.naver.com/replays/1841602,,
여행/체험,경주월드,,,2026-03-24T01:55:44.190Z,경주월드,설레는날! 2026 설페스타 in 경주월드! 스노우파크 막차 탑승!,56000,https://view.shoppinglive.naver.com/replays/1844210,,
여행/체험,웰리힐리파크 스노우파크,,,2026-03-24T01:55:44.190Z,웰리힐리파크 스노우파크,수도권 1시간! 웰리힐리파크 숙박+스키 올인원 최대 74% LIVE⛷️✨,2754,https://view.shoppinglive.naver.com/replays/1844209,,
여행/체험,스몹 고양,,,2026-03-24T01:55:44.190Z,스몹,실내 스포츠 테마파크 스몹! 2·3시간 이용권 최대 50% 할인,200000,https://view.shoppinglive.naver.com/replays/1844208,,
여행/체험,스누피가든,,,2026-03-24T01:55:44.190Z,스누피가든,최대 30% 할인 혜택! 스누피가든 선착순 특가로 제주 여행 준비 끝,526,https://view.shoppinglive.naver.com/replays/1844368,,
여행/체험,서울랜드,,,2026-03-24T01:55:44.190Z,서울랜드,설 연휴 기념 라이브! 종일권&시즌권 동시 판매 '과천 서울랜드',3452,https://view.shoppinglive.naver.com/replays/1842297,,
여행/체험,말톡,이승환,(주)다이얼커뮤니케이션즈,2026-03-24T01:55:44.190Z,말톡,"역대급 혜택! 설연휴 말톡 유심/eSIM, 최대20%할인 특별라이브!!",5319,https://view.shoppinglive.naver.com/replays/1835388,https://smartstore.naver.com/main/stores/2sWDvxOf9V9OEozMDwoEQ,https://smartstore.naver.com/dial070/profile?cp=2
여행/체험,설악워터피아,,,2026-03-24T01:55:44.190Z,뽀로로 아쿠아빌리지,설악 워터피아에서 만나는 겨울 스파의 정석! 최대 53% 할인 특가🩵,200000,https://view.shoppinglive.naver.com/replays/1837898,,
여행/체험,엘리시안 강촌 스키장,,,2026-03-24T01:55:44.190Z,엘리시안 강촌 스키장,"엘리시안강촌 리프트권, 최대 49% 할인!",2048,https://view.shoppinglive.naver.com/replays/1837933,,
여행/체험,롯데월드,,,2026-03-24T01:55:44.190Z,롯데월드,❄️겨울에 더 빛나는 롯데월드 어드벤처 잠실/부산❄️ 최대 47% 할인,200000,https://view.shoppinglive.naver.com/replays/1837887,,
여행/체험,아산스파비스,,,2026-03-24T01:55:44.190Z,아산스파비스,천연 온천수로 즐기는 따듯한 물놀이! 아산 스파비스 54%파격 할인!,0,https://view.shoppinglive.naver.com/replays/1839550,,
여행/체험,강동워터파크 (구.블루원),,,2026-03-24T01:55:44.190Z,강동워터파크 (구.블루원),경주 강동워터파크(구.블루원) 야외온천/버블타임까지 최대~65%할인!,0,https://view.shoppinglive.naver.com/replays/1839495,,
여행/체험,씨라이프부산아쿠아리움(SEA LIFE BUSAN),,,2026-03-24T01:55:44.190Z,씨라이프부산아쿠아리움(SEA LIFE BUSAN),"바닷속 세상, 부산 아쿠아리움으로 GO GO~",0,https://view.shoppinglive.naver.com/replays/1837917,,
여행/체험,글로벌골프투어,방윤심,주식회사피케이코퍼레이션,2026-03-24T01:55:44.190Z,글로벌골프투어,설 대비 가족여행｜마닐라 골프 3박4일 라이브 초특가,584,https://view.shoppinglive.naver.com/replays/1837380,https://smartstore.naver.com/main/stores/2sWE1VWESPbmNQt99KAkt,https://smartstore.naver.com/phildotcom/profile?cp=1
여행/체험,비발디파크,,,2026-03-24T01:55:44.190Z,천안 오션어드벤처,2026 비발디파크만의 스릴 넘치는 겨울,4447,https://view.shoppinglive.naver.com/replays/1834244,,
여행/체험,오크밸리 스키장,,,2026-03-24T01:55:44.190Z,오크밸리 스키장,"오크밸리 스노우 어드벤처(스키장/쿠키런스위트랜드), 최대 55% 할인!",1616,https://view.shoppinglive.naver.com/replays/1819697,,
여행/체험,마켓윈썸,조관형,주식회사 윈썸,2026-03-24T01:55:44.190Z,마켓윈썸,포항 유니의바다 카라반 캠핑장 2026년 1~2월 겨울시즌 숙박권 판매!,215,https://view.shoppinglive.naver.com/replays/1832194,https://smartstore.naver.com/main/stores/2sWE0ltGG9MNmFTGsQs47,https://smartstore.naver.com/winsome0001/profile?cp=2
여행/체험,클럽디 오아시스 워터파크&스파,,,2026-03-24T01:55:44.190Z,클럽디 오아시스 워터파크&스파,"2026년에도 함께, 클럽디오아시스 스파&워터파크 네이버 쇼핑라이브 특가",2774,https://view.shoppinglive.naver.com/replays/1818966,,
여행/체험,스타인월드,김영일,주식회사 스타인월드,2026-03-24T01:55:44.190Z,스타인월드,[얼리버드] 부산출발 홋카이도 북해도 크루즈 6박7일,140,https://view.shoppinglive.naver.com/replays/1828761,https://smartstore.naver.com/main/stores/2sWDwC5Q9e4ktn71D7hDV,https://smartstore.naver.com/starinworld/profile?cp=1
여행/체험,롯데월드 아쿠아리움,,,2026-03-24T01:55:44.190Z,롯데월드,롯데월드몰 핫플 롯데월드 아쿠아리움&서울스카이 최대 38% 할인!,200000,https://view.shoppinglive.naver.com/replays/1819387,,
여행/체험,이천 테르메덴,,,2026-03-24T01:55:44.190Z,이천 테르메덴,겨울에덴?테르메덴! 천연온천과 찜질이 만나는 힐링성지✨,7865,https://view.shoppinglive.naver.com/replays/1816534,,
여행/체험,유라이브스토어,김병국,주식회사 비케이모바일,2026-03-24T01:55:44.190Z,유라이브스토어,[LG U+] 새해맞이 특가 선착순 LIVE ✨,190000,https://view.shoppinglive.naver.com/replays/1823403,https://smartstore.naver.com/main/stores/301lALsggV5u8S3ggypJl,https://smartstore.naver.com/ulive/profile?cp=1
키즈,하기스 스토어,이제훈,유한킴벌리 (주),2026-03-24T01:55:44.190Z,하기스 스토어,"3월 마지막!라이브 최대3만원할인+16%적립🌸멤버십혜택 준비해,봄🌸",7331,https://view.shoppinglive.naver.com/replays/1862231,https://smartstore.naver.com/main/stores/2sWDzh4SOBAtf00uZ7Pqf,https://brand.naver.com/huggiesstore/profile?cp=2
키즈,팸퍼스공식몰,이지영,한국피앤지판매유한회사,2026-03-24T01:55:44.190Z,팸퍼스공식몰,[팸퍼스LIVE] 팸퍼스와 함께 여름의 시작을 준비해요☀️,4381,https://view.shoppinglive.naver.com/replays/1851276,https://smartstore.naver.com/main/stores/2sWDyF7EPd75uQLBOTnGb,https://brand.naver.com/pamperskr/profile?cp=2
키즈,폴레드 POLED,이형무,주식회사 폴레드,2026-03-24T01:55:44.190Z,폴레드 POLED,3월 마지막 라이브 혜택! 픽셀이 만드는 요즘 젖병소독기의 기준,1433,https://view.shoppinglive.naver.com/replays/1877085,https://smartstore.naver.com/main/stores/2sWDwiE0pt9cL3Jum92dL,https://brand.naver.com/poled/profile?cp=2
키즈,CREAMHAUS,허찬회,주식회사 크림하우스프렌즈,2026-03-24T01:55:44.190Z,CREAMHAUS,크림하우스 봄철 층간소음 걱정👋시공매트 특가전,622,https://view.shoppinglive.naver.com/replays/1874476,https://smartstore.naver.com/main/stores/2sWDviFLMTAnA6FVgNbQB,https://brand.naver.com/creamhaus/profile?cp=2
키즈,NS홈쇼핑,조항목,(주)엔에스쇼핑,2026-03-24T01:55:44.190Z,NS홈쇼핑,블루래빗💙오감/IQ베이비🐰특가LIVE🔥,51000,https://view.shoppinglive.naver.com/replays/1871623,https://smartstore.naver.com/main/stores/2sWDvVt9gU2HSWXk0hXl2,https://smartstore.naver.com/nsmall/profile?cp=2
키즈,몽디에스,오성희,에이폴인터내셔널 주식회사,2026-03-24T01:55:44.190Z,몽디에스,🌈몽디에스 브랜드 데이 특집 라이브!🎈,2509,https://view.shoppinglive.naver.com/replays/1877514,https://smartstore.naver.com/main/stores/2sWDy1ZpL52E4MgZB1tOy,https://brand.naver.com/mongdies/profile?cp=2
키즈,성원아이북랜드,박진규,(주)성원아이북랜드,2026-03-24T01:55:44.190Z,성원아이북랜드,[성원아이북랜드] 창립 26주년 최대 22% 할인&선물 혜택 LIVE🎁,467,https://view.shoppinglive.naver.com/replays/1872837,https://smartstore.naver.com/main/stores/2sWDwoHJJRKZimYShdIuj,https://smartstore.naver.com/ibookland_59937/profile?cp=1
키즈,삠뽀요 baby,김영훈,주식회사 리틀뎁,2026-03-24T01:55:44.190Z,삠뽀요 baby,설레는 봄세일🌷 봄신상 라이브특가,5092,https://view.shoppinglive.naver.com/replays/1875622,https://smartstore.naver.com/main/stores/2spuURVaoqRLkodEsSSpW,https://brand.naver.com/pimpollo/profile?cp=2
키즈,오가닉그라운드,박영건,주식회사 꿈비,2026-03-24T01:55:44.190Z,오가닉그라운드,우리 아이 올데이 케어 세트 LIVE,552,https://view.shoppinglive.naver.com/replays/1877108,https://smartstore.naver.com/main/stores/2sWDy8eULqaLSq5eYdPVL,https://brand.naver.com/organicground/profile?cp=2
키즈,아이코코 공식몰,전은희,아이코코몰,2026-03-24T01:55:44.190Z,아이코코 공식몰,"3월 블루밍 특가LIVE🎉단 하루, 놓치면 끝납니다💕",150000,https://view.shoppinglive.naver.com/replays/1877474,https://smartstore.naver.com/main/stores/2sWDzz87DogC6IYSFD7s1,https://brand.naver.com/icoco/profile?cp=2
키즈,블루인더스몰,정천식,주식회사블루인더스,2026-03-24T01:55:44.190Z,블루인더스몰,🌈31컬러 KF마스크🎁10+5매증정🎁미세먼지🚨블루본35%💛수현,2214,https://view.shoppinglive.naver.com/replays/1878501,https://smartstore.naver.com/main/stores/2sWDzcjPgTrpsjzU1LmnV,https://smartstore.naver.com/blueindus/profile?cp=1
키즈,베베핏 Bebefit,박도형,주식회사 모닛,2026-03-24T01:55:44.190Z,베베핏 Bebefit,베베핏 올인원아기띠💓아기도 엄마도 편안한 바로 그 아기띠💓,152,https://view.shoppinglive.naver.com/replays/1877603,https://smartstore.naver.com/main/stores/2sWDxnGxAVJR58YxmrUib,https://smartstore.naver.com/bebefitplus/profile?cp=2
키즈,바르맘,정진교,파이브지코퍼레이션 주식회사,2026-03-24T01:55:44.190Z,바르맘,[바르맘]➕멤버십데이 임산부바디필로우 ~26% 적립 라이브!,459,https://view.shoppinglive.naver.com/replays/1875396,https://smartstore.naver.com/main/stores/2sWE1OwTTgyJdF6vp7Etd,https://brand.naver.com/bareumom/profile?cp=1
키즈,지프키즈,,,2026-03-24T01:55:44.190Z,지프키즈,지프키즈 라이브 특가전,247,https://view.shoppinglive.naver.com/replays/1878245,https://shopping.naver.com/outlink/storehome/100624866,
키즈,에리쏭키즈,김민서,에리쏭(ERISSONG),2026-03-24T01:55:44.190Z,에리쏭키즈,봄신상 10% 할인쿠폰 발급♡,214,https://view.shoppinglive.naver.com/replays/1878483,https://smartstore.naver.com/main/stores/2sWDx8wINBUynLhfru66X,https://smartstore.naver.com/kkomaidol/profile?cp=2
키즈,위틀스토어,장성희,주식회사 에센루,2026-03-24T01:55:44.190Z,위틀스토어,[아이너바움x슈너글x블랑키즐x보타니컬테라피] 위틀스토어 베이비 출산템🤍,1771,https://view.shoppinglive.naver.com/replays/1874650,https://smartstore.naver.com/main/stores/2sWDvlh7UeeIIBEdxaYLa,https://brand.naver.com/whittlestore/profile?cp=2
키즈,어린숨,권용현,주식회사 어린숨,2026-03-24T01:55:44.190Z,어린숨,😷오늘 미세먼지 나쁨😷KF94 캐릭터 마스크 17%할인&무료배송,182,https://view.shoppinglive.naver.com/replays/1878502,https://smartstore.naver.com/main/stores/2sWDvtiksvfp87cQq2rw0,https://smartstore.naver.com/nariin/profile?cp=1
키즈,호두잉글리시,김민우,주식회사 호두랩스,2026-03-24T01:55:44.190Z,호두잉글리시,[호두잉글리시] NEW 영어 패키지 2종 런칭 라이브,592,https://view.shoppinglive.naver.com/replays/1877086,https://smartstore.naver.com/main/stores/2sWDwsGQ9gPX8z4rcU2i9,https://smartstore.naver.com/hodoomarket/profile?cp=1
키즈,처음매트,김진환,처음매트,2026-03-24T01:55:44.190Z,처음매트,"[시공장인 처음매트] 틈새 없는 층간소음매트, 시공 결과가 다릅니다",3292,https://view.shoppinglive.naver.com/replays/1872402,https://smartstore.naver.com/main/stores/310gDXFmPUqTJNU4ENnfT,https://smartstore.naver.com/firstmat/profile?cp=1
키즈,리틀브렌,,,2026-03-24T01:55:44.190Z,리틀브렌,리틀브렌초중등 주니어 (30~60KG) 트랜디룩 라이브,200,https://view.shoppinglive.naver.com/replays/1878209,https://shopping.naver.com/outlink/storehome/100170869,
키즈,아이쿠베베,오승미,아이쿠,2026-03-24T01:55:44.190Z,아이쿠베베,[초특가] 봄신상 할인 및 바지특가모음,0,https://view.shoppinglive.naver.com/replays/1878206,https://smartstore.naver.com/main/stores/2sWDvsARtLPP1HHW71X77,https://smartstore.naver.com/icooo/profile?cp=2
키즈,소중한습관,"이정식,주성균",주식회사 시너지팜,2026-03-24T01:55:44.190Z,소중한습관,소중한습관 환절기 육아필수템 신생아부터 우리아이 건강지킴이,17000,https://view.shoppinglive.naver.com/replays/1876886,https://smartstore.naver.com/main/stores/2sWE1IfKcpCmkWTxu9cYj,https://smartstore.naver.com/soseup/profile?cp=1
키즈,신디키즈,,,2026-03-24T01:55:44.190Z,신디키즈,🧸NC평촌점 신디키즈💕03/21 토 09:10 여아전문 7~12세❤️,317,https://view.shoppinglive.naver.com/replays/1872012,https://shopping.naver.com/outlink/storehome/100170866,
키즈,BEBELOG,한승호,주식회사 마이피넛버터(my peanut butter),2026-03-24T01:55:44.190Z,BEBELOG,치즈실내복 봄 시즌 라이브! 디즈니•밤부•통핏•슬림핏🩵,475,https://view.shoppinglive.naver.com/replays/1878060,https://smartstore.naver.com/main/stores/2sWDyMmjfLaTYj3nDGXVW,https://smartstore.naver.com/grow_up/profile?cp=1
키즈,신디키즈,,,2026-03-24T01:55:44.190Z,신디키즈,신디키즈 신구로점 🎁봄여름 간절기 신상품 라이브 특가!🧡3/20(금),343,https://view.shoppinglive.naver.com/replays/1877587,https://shopping.naver.com/outlink/storehome/101348852,
키즈,베리밥상,"임수정,임수민",베리마인드,2026-03-24T01:55:44.190Z,베리밥상,"[최대 55%]🍀미세먼지, 황사 오기 전 온 가족 기관지 지키기!",0,https://view.shoppinglive.naver.com/replays/1869742,https://smartstore.naver.com/main/stores/2sWE1jKzLPXdmnYsiQceC,https://brand.naver.com/verybabsang/profile?cp=1
키즈,coconenne,배은영,명지,2026-03-24T01:55:44.190Z,coconenne,아이 추워~ 봄바람! 우리 가족 따듯하게 지키기!,0,https://view.shoppinglive.naver.com/replays/1876273,https://smartstore.naver.com/main/stores/2sWDvxYtip0lumqLJVT0n,https://smartstore.naver.com/co-nenne/profile?cp=2
키즈,제이앤제나,송은경,주식회사 제이제나,2026-03-24T01:55:44.190Z,제이앤제나,제이앤제나 혜택폭발🎉 특가 찬스 LIVE💝,0,https://view.shoppinglive.naver.com/replays/1877048,https://smartstore.naver.com/main/stores/2sWDvlHHrAQ21G7hHdnfP,https://brand.naver.com/jeinjena_brand/profile?cp=2
키즈,꿈비스토어,박영건,주식회사 꿈비,2026-03-24T01:55:44.190Z,꿈비스토어,🌸봄맞이 꿈비 양면이중코팅 매트 특가🌸,0,https://view.shoppinglive.naver.com/replays/1876455,https://smartstore.naver.com/main/stores/2sWDwJ9Chgb0Nz8AQd5An,https://brand.naver.com/ggumbi/profile?cp=2
키즈,호르메 몬테소리,정희재,주식회사 슈필하우스,2026-03-24T01:55:44.190Z,호르메 몬테소리,💛라방특가 우리아이 몬테소리 교구 베스트특가,0,https://view.shoppinglive.naver.com/replays/1875719,https://smartstore.naver.com/main/stores/2swvDsVFoob1jdqbroon0,https://smartstore.naver.com/hormemontessori/profile?cp=1
키즈,퓨어잇,이부국,주식회사 내이브로,2026-03-24T01:55:44.190Z,퓨어잇,퓨어잇 팡팡데이🌟아기과자🍟아이간식•김 🎉할인이 팡팡👌,0,https://view.shoppinglive.naver.com/replays/1871604,https://smartstore.naver.com/main/stores/2sWDvlvY0JhjER2kYv23X,https://brand.naver.com/pure-eat/profile?cp=2
키즈,BABYBOOM,홍성운,일솔 어패럴,2026-03-24T01:55:44.190Z,BABYBOOM,🌸봄신상 5%할인+무배💕상큼발랄 신상 유아내의 득템하세요!🍀,1747,https://view.shoppinglive.naver.com/replays/1872582,https://smartstore.naver.com/main/stores/2sWDxx3raA6A7QqoPYgAC,https://brand.naver.com/babyboom-sw/profile?cp=2
키즈,지프키즈,,,2026-03-24T01:55:44.190Z,지프키즈,🧑지프키즈👧 26% 즉시할인+알림쿠폰🎁,228,https://view.shoppinglive.naver.com/replays/1876988,https://shopping.naver.com/outlink/storehome/101578078,
키즈,프렌치캣,,,2026-03-24T01:55:44.190Z,프렌치캣,🌸🐝프렌치캣🐝🌸,330,https://view.shoppinglive.naver.com/replays/1873257,https://shopping.naver.com/outlink/storehome/101302834,
키즈,티지오매트,김영철,티지오,2026-03-24T01:55:44.190Z,티지오매트,[블루밍데이즈] 층간소음방지 유아매트 롤매트💛티지오 봄특가전💛,651,https://view.shoppinglive.naver.com/replays/1849798,https://smartstore.naver.com/main/stores/2sWDvP0m2mC4lJjLoWYeW,https://brand.naver.com/tgomat/profile?cp=2
키즈,에르고베이비,윤피터,주식회사 스엔코,2026-03-24T01:55:44.190Z,에르고베이비,[에르고베이비] 품절 주의! 단 한번! 아기띠 1+1 역대급 혜택,3758,https://view.shoppinglive.naver.com/replays/1865345,https://smartstore.naver.com/main/stores/2tmj0VACGFBpD54wql9GU,https://brand.naver.com/ergobaby/profile?cp=1
키즈,본베베,손경목,주식회사 스마트브레인,2026-03-24T01:55:44.190Z,본베베,💐봄맞이기념!🌼 아기매트/침대가드/범퍼/빈백/쿠션 핫딜🎉,1782,https://view.shoppinglive.naver.com/replays/1875577,https://smartstore.naver.com/main/stores/2sWDvbiDUJJ01wH9watyc,https://brand.naver.com/bonbebe/profile?cp=2
키즈,에코센 기저귀,유지송,주식회사 제이케이인스퍼레이션,2026-03-24T01:55:44.190Z,에코센 기저귀,3월 에코센 기저귀 쇼핑 라이브,276,https://view.shoppinglive.naver.com/replays/1873862,https://smartstore.naver.com/main/stores/2sWE0Wdhxi0DyFFbXAQtn,https://smartstore.naver.com/ekossen/profile?cp=2
키즈,모나마켓,이효진,모나마켓,2026-03-24T01:55:44.190Z,모나마켓,더고구마 여름신상 10% 할인 라이브 XS - JL,803,https://view.shoppinglive.naver.com/replays/1876622,https://smartstore.naver.com/main/stores/2sWDzPGafl7DIA4eiPMec,https://smartstore.naver.com/monamarket/profile?cp=2
키즈,히요코베이비,박은희,히요코베이비,2026-03-24T01:55:44.190Z,히요코베이비,히요코베이비 꿀잠특가!,472,https://view.shoppinglive.naver.com/replays/1875648,https://smartstore.naver.com/main/stores/2sWDwe3sxt1WpnwnDuQxY,https://smartstore.naver.com/hiyokobaby/profile?cp=2
키즈,허그파파,이위혁,주식회사 허그파파,2026-03-24T01:55:44.190Z,허그파파,🌸Spring Special🌸 다이얼핏 MAX&PRO 쇼핑 라이브,822,https://view.shoppinglive.naver.com/replays/1872371,https://smartstore.naver.com/main/stores/2sWDwVfRJ3uYKEtNLrleG,https://smartstore.naver.com/hugpapa/profile?cp=1
키즈,젤리맘,이상문,(주)피유텍,2026-03-24T01:55:44.190Z,젤리맘,[보들매트] 🌻3월 봄맞이🌻 아기매트&베이비룸 안전한 공간 만들기,260,https://view.shoppinglive.naver.com/replays/1870394,https://smartstore.naver.com/main/stores/2sWDvbfykrYCIb74ocbjC,https://smartstore.naver.com/jellymomco/profile?cp=2
키즈,파크론몰,손대원,(주)파크론,2026-03-24T01:55:44.190Z,파크론몰,제로블럭 프리미엄600 봄이왔나봄 LIVE,743,https://view.shoppinglive.naver.com/replays/1870364,https://smartstore.naver.com/main/stores/2sWDvmfkgyAxaHoN2Py2c,https://brand.naver.com/parklonmall/profile?cp=2
키즈,LUNA STORY,박해정,주식회사 에이치엔씨엔,2026-03-24T01:55:44.190Z,LUNA STORY,신제품 런칭특가 루나스토리 장난감정리함 모음전 특가+쿠폰할인,1453,https://view.shoppinglive.naver.com/replays/1869332,https://smartstore.naver.com/main/stores/2sWDw87TgMXrPStZft2qx,https://smartstore.naver.com/hncn/profile?cp=2
키즈,MLB 키즈 공식몰,김창수,주식회사 에프앤에프,2026-03-24T01:55:44.190Z,MLB 키즈 공식몰,MLB키즈 PLAYFUL SPRING 봄 신상 LIVE,180000,https://view.shoppinglive.naver.com/replays/1865303,https://smartstore.naver.com/main/stores/2sWDySSvrpjeVX9ZJZ4OC,https://brand.naver.com/mlbkids-korea/profile?cp=2
키즈,글라스락,이광수,에스지씨솔루션(주)논산공장,2026-03-24T01:55:44.190Z,글라스락,[오늘의팝업] 국민육아템 글라스락 베이비 라이브 특가,200000,https://view.shoppinglive.naver.com/replays/1856396,https://smartstore.naver.com/main/stores/2sWDzh4SK04TCdoADmaAe,https://brand.naver.com/glasslock/profile?cp=2
키즈,아토앤오투,박문호,(주)라오가닉,2026-03-24T01:55:44.190Z,아토앤오투,[블루밍] 🌸아토앤오투 봄 맞이 브랜드 세일 ~ UP TO 63%🌸,5544,https://view.shoppinglive.naver.com/replays/1856393,https://smartstore.naver.com/main/stores/2sWDvWsAoqI0tBPg43l9t,https://brand.naver.com/atono2/profile?cp=2
키즈,마미포코 공식몰,이선주,(주)엘지생활건강,2026-03-24T01:55:44.190Z,마미포코 공식몰,🌱🐥3월 19일 마미포코 우리끼리 라운지회원 특가 라이브⏰,110000,https://view.shoppinglive.naver.com/replays/1870524,https://smartstore.naver.com/main/stores/2sWE0p7aU3SsqMvVoTdKh,https://brand.naver.com/mamypokostore/profile?cp=2
키즈,별이오키즈,안준홍,(주)저스틴,2026-03-24T01:55:44.190Z,별이오키즈,별이오키즈 신학기 등원룩 상하복 맨투맨 팬츠 특가!,5720,https://view.shoppinglive.naver.com/replays/1870435,https://smartstore.naver.com/main/stores/30jYlXbuHvEGsOuhtVGX5,https://smartstore.naver.com/byeorio/profile?cp=1
키즈,All 올바름,염정호,올바름,2026-03-24T01:55:44.190Z,All 올바름,[블루밍데이즈] 올바름 아이과자 봄소풍 간식 준비 타임!,1476,https://view.shoppinglive.naver.com/replays/1869091,https://smartstore.naver.com/main/stores/2sWDxJQOP8mW4UVEETxHB,https://brand.naver.com/allbarm/profile?cp=2
테크,LG전자인증점 와이케이지,,,2026-03-24T01:55:44.190Z,LG전자 브랜드스토어,LG전자 3월엔 집꾸미기 진심! 라이브 특가전 💝,22000,https://view.shoppinglive.naver.com/replays/1850636,https://smartstore.naver.com/main/stores/2sWDz2GSGFMA1aLI6SOVv,
테크,샥즈 코리아,CONG FANGYUAN 충팡위안,샥즈코리아 주식회사(SHOKZ KOREA LIMITED),2026-03-24T01:55:44.190Z,샥즈 코리아,[블루밍데이즈] 샥즈 봄 특집 LIVE🌸,170000,https://view.shoppinglive.naver.com/replays/1852571,https://smartstore.naver.com/main/stores/2tGJd0Cj3aTk0u7RG55EP,https://brand.naver.com/shokz-brandstore/profile?cp=2
테크,루메나,진중헌,(주) 루메나,2026-03-24T01:55:44.190Z,루메나,"2026 루메나 브랜드데이 기념, 단독 혜택 LIVE!",370000,https://view.shoppinglive.naver.com/replays/1869543,https://smartstore.naver.com/main/stores/2sWDvTNHgWcMFs29J4cGO,https://brand.naver.com/lumena/profile?cp=2
테크,삼성모바일파트너 코잇,손창조,주식회사코잇,2026-03-24T01:55:44.190Z,삼성모바일파트너 코잇,[블루밍] [멤버십데이] ✅갤럭시 S26 플립7 폴드7 자급제폰 라이브✅,1378,https://view.shoppinglive.naver.com/replays/1858623,https://smartstore.naver.com/main/stores/2sWDxLJT5VO0J7jZu8AJu,https://smartstore.naver.com/coit02/profile?cp=2
테크,삼성공식파트너 포디아이,박정진,(주)포디아이,2026-03-24T01:55:44.190Z,삼성공식파트너 포디아이,[멤버십데이] 갤럭시탭 혜택 가득 라이브💙,2878,https://view.shoppinglive.naver.com/replays/1852030,https://smartstore.naver.com/main/stores/2sWDvPPX2rjnqa6j3eGUK,https://smartstore.naver.com/smartcamera/profile?cp=2
테크,삼성전자공식파트너 쇼마젠시,천종석,(주)쇼마젠시,2026-03-24T01:55:44.190Z,삼성전자공식파트너 쇼마젠시,📱[멤버십데이 단하루]갤럭시 자급제 전모델 쇼마젠시 추가적립 라이브📱,5119,https://view.shoppinglive.naver.com/replays/1855999,https://smartstore.naver.com/main/stores/2sWDwQK0J9aSsZDznGrvY,https://smartstore.naver.com/singlegadget/profile?cp=2
테크,삼성공식파트너 평강프라자,평진호,(주)평강프라자,2026-03-24T01:55:44.190Z,삼성공식파트너 평강프라자,[멤버십데이]삼성 냉장고 에어컨 김치냉장고 세트 추가적립+라이브사은품💙,1422,https://view.shoppinglive.naver.com/replays/1843074,https://smartstore.naver.com/main/stores/2sWDzMO6ZQcJANseFfBeC,https://smartstore.naver.com/pkplaza/profile?cp=2
테크,필립스생활가전코리아,장석,베르수니코리아 주식회사,2026-03-24T01:55:44.190Z,필립스생활가전코리아,[블루밍]오직 라이브에서만! 10%쿠폰+20%적립⏰,190000,https://view.shoppinglive.naver.com/replays/1828520,https://smartstore.naver.com/main/stores/2sWE0FMmvpsnsHcey6GzP,https://brand.naver.com/philipsdomesticappliances/profile?cp=2
테크,드롱기공식스토어,김계형,(주)아이피씨,2026-03-24T01:55:44.190Z,드롱기공식스토어,단 하루 최대 5% 적립! 아이스 아메리카노 전용 메뉴 도피오 특가!,130000,https://view.shoppinglive.naver.com/replays/1866889,https://smartstore.naver.com/main/stores/2sWDvNcVGask7NBgO6EsT,https://brand.naver.com/delonghi/profile?cp=2
테크,삼성공식파트너 dmac,송응석,(주)디엠에이씨인터내셔널,2026-03-24T01:55:44.190Z,삼성공식파트너 dmac,🎉방송한정혜택 삼성 갤럭시 워치8 클래식 워치7 울트라 핏3 고속충전기,1217,https://view.shoppinglive.naver.com/replays/1876083,https://smartstore.naver.com/main/stores/2sWDvND45gUXjkbdvX8tn,https://smartstore.naver.com/dmacshop/profile?cp=2
테크,삼성파트너 쇼마젠시,천종석,(주)쇼마젠시,2026-03-24T01:55:44.190Z,삼성파트너 쇼마젠시,[블루밍] 갤럭시 워치ㅣ울트라 & 갤럭시 링 라이브✨,495,https://view.shoppinglive.naver.com/replays/1843983,https://smartstore.naver.com/main/stores/2sWDyj8bst0d884P8RQI7,https://smartstore.naver.com/sopshoma/profile?cp=2
테크,중꺽마샵,박진호,지농이니스,2026-03-24T01:55:44.190Z,중꺽마샵,중꺽마샵의 쇼핑라이브,483,https://view.shoppinglive.naver.com/replays/1873802,https://smartstore.naver.com/main/stores/2v5iwJoQ2XYc2YCnSkLGq,https://smartstore.naver.com/dsfdsbv/profile?cp=2
테크,유자다마켓,박진호,지농이니어스투,2026-03-24T01:55:44.190Z,유자다마켓,유자다마켓의 쇼핑라이브,100,https://view.shoppinglive.naver.com/replays/1863588,https://smartstore.naver.com/main/stores/2wkyKaEiiFzD2VsqkIhh6,https://smartstore.naver.com/you123456/profile?cp=2
테크,삼성공식파트너 매크로네트웍,,,2026-03-24T01:55:44.190Z,삼성전자 라이브,삼성 데스크탑 할인 혜택 지금 바로 받아가세요~~😊,433,https://view.shoppinglive.naver.com/replays/1876679,,
테크,삼성공식파트너 유겐트,"정찬원,염종만",(주)유겐트,2026-03-24T01:55:44.190Z,삼성공식파트너 유겐트,(AI라이브방송) 삼성전자 비지니스TV & 삼성오디세이 모니터 콜라보,615,https://view.shoppinglive.naver.com/replays/1878584,https://smartstore.naver.com/main/stores/2sWDvTsHNUMMe4yuCAALJ,https://smartstore.naver.com/jugend/profile?cp=2
테크,삼성공식파트너 모니칸,제영길,(주)모니칸,2026-03-24T01:55:44.190Z,삼성공식파트너 모니칸,[AI라이브] 삼성 오디세이 OLED 게이밍 모니터 특가!,328,https://view.shoppinglive.naver.com/replays/1878580,https://smartstore.naver.com/main/stores/2sWDvT4ZHvVDGfW6EZgsV,https://smartstore.naver.com/monikhan/profile?cp=2
테크,신일전자공식인증점 신일유통,임원순,신일유통,2026-03-24T01:55:44.190Z,신일전자공식인증점 신일유통,☀️미리 준비하는 여름! 신일선풍기 특가,116,https://view.shoppinglive.naver.com/replays/1878261,https://smartstore.naver.com/main/stores/2sWDvVmKI2OxS38bSqTwh,https://smartstore.naver.com/shinil/profile?cp=1
테크,삼성공식파트너 엠디텍,이창율,엠디텍인터내셔널(주),2026-03-24T01:55:44.190Z,삼성공식파트너 엠디텍,👀새로운 갤럭시 버즈4 시리즈⭐ 지금 바로 만나보세요!,992,https://view.shoppinglive.naver.com/replays/1877929,https://smartstore.naver.com/main/stores/2sWDvXVkj3Hh25300dWOh,https://smartstore.naver.com/mdti/profile?cp=2
테크,필터포유공식몰,심성훈,주식회사 상상그램,2026-03-24T01:55:44.190Z,필터포유공식몰,미세먼지 철벽방어🛡️LG 삼성 위닉스 샤오미 완벽호환✨지금 교체하자!,528,https://view.shoppinglive.naver.com/replays/1866950,https://smartstore.naver.com/main/stores/2sWE17ULlWWeqTpiYFGKd,https://smartstore.naver.com/filter4uofficial/profile?cp=2
테크,삼성공식파트너 코인비엠에스,조효상,(주)코인비엠에스,2026-03-24T01:55:44.190Z,삼성공식파트너 코인비엠에스,👀삼성 갤럭시북 라이브 할인 노트북 모음전,401,https://view.shoppinglive.naver.com/replays/1879110,https://smartstore.naver.com/main/stores/2sWDvMpHJ6DFD600JoBsv,https://smartstore.naver.com/cshop/profile?cp=2
테크,삼성공식파트너 다담INC,,,2026-03-24T01:55:44.190Z,삼성전자 라이브,"👉삼성 S11 울트라, S11, S10+ 시리즈 초특가!",697,https://view.shoppinglive.naver.com/replays/1876685,,
테크,삼성공식파트너 코인비엠에스,,,2026-03-24T01:55:44.190Z,삼성전자 라이브,📢삼성 갤럭시북3 Go 라이브 특가 할인중!,224,https://view.shoppinglive.naver.com/replays/1876678,,
테크,삼성공식파트너 형연테크,,,2026-03-24T01:55:44.190Z,삼성전자 라이브,👉 외장하드 시리즈 귀여운 카카오 프렌즈도 있으니 지금 만나보세요!,154,https://view.shoppinglive.naver.com/replays/1876502,,
테크,푸드사이클러 코리아,김계형,(주)아이피씨,2026-03-24T01:55:44.190Z,푸드사이클러 코리아,“여러분 집에 음식물 쓰레기 때문에 스트레스 받으신 적 있으시죠? 😣,104,https://view.shoppinglive.naver.com/replays/1876397,https://smartstore.naver.com/main/stores/2uJ6QrS4i1RtJUxSJBnR9,https://smartstore.naver.com/foodcycler/profile?cp=1
테크,리라이브딜,최은지,주식회사 리라이브딜 서초지점,2026-03-24T01:55:44.190Z,리라이브딜,눈에 보이는 언어?! 실시간 번역 AR 스마트안경,1058,https://view.shoppinglive.naver.com/replays/1876808,https://smartstore.naver.com/main/stores/30cmQnH93xbFneuGLa8TO,https://smartstore.naver.com/relivedeal/profile?cp=1
테크,삼성공식파트너 올인포케이,임미영,(주)올인포케이,2026-03-24T01:55:44.190Z,삼성공식파트너 올인포케이,🎁라이브 특별 사은품🎁 갤럭시워치8 / 갤럭시워치7 / 워치 울트라,352,https://view.shoppinglive.naver.com/replays/1875824,https://smartstore.naver.com/main/stores/2sWDvayPC8sfKk8hJcQqv,https://smartstore.naver.com/allinfok/profile?cp=2
테크,삼성공식파트너 현성전자,남윤성,(주)현성전자,2026-03-24T01:55:44.190Z,삼성공식파트너 현성전자,💙삼성 비스포크 AI 정수기💙라이브 최대 혜택! +주방가전 모음🎉,930,https://view.shoppinglive.naver.com/replays/1865751,https://smartstore.naver.com/main/stores/2sWDwlcZFrmffLLieOo1Q,https://smartstore.naver.com/hs51987/profile?cp=2
테크,삼성온라인스토어 유니씨앤씨,,,2026-03-24T01:55:44.190Z,삼성온라인스토어 유니씨앤씨,[멤버십데이] 삼성전자 갤럭시북 적립&적립 쇼핑라이브,496,https://view.shoppinglive.naver.com/replays/1858180,https://smartstore.naver.com/main/stores/2sWDvPjc3CzrMDFjfwZJk,https://smartstore.naver.com/ntseller/profile?cp=2
테크,삼성공식파트너 오제앤에스,,,2026-03-24T01:55:44.190Z,삼성공식파트너 오제앤에스,[AI] 26년 삼성 4K 비즈니스 TV 초특가 라이브,265,https://view.shoppinglive.naver.com/replays/1878964,https://smartstore.naver.com/main/stores/2v1b6jZxdUWyCn1v2D35J,https://smartstore.naver.com/samsung_monitor/profile?cp=2
테크,에브리봇 공식쇼핑몰,정우철,에브리봇 주식회사,2026-03-24T01:55:44.190Z,에브리봇 공식쇼핑몰,[앵콜][멤버십데이 X 에브리봇] 미세먼지 청소에는 에브리봇!,737,https://view.shoppinglive.naver.com/replays/1878705,https://smartstore.naver.com/main/stores/2sWDzHy5OfltdLyP7hcSz,https://brand.naver.com/everybot/profile?cp=1
테크,삼성공식파트너 보보,,,2026-03-24T01:55:44.190Z,삼성공식파트너 보보,👉[삼성가전] 삼성이 선물하는 스마트 라이프,769,https://view.shoppinglive.naver.com/replays/1876162,https://smartstore.naver.com/main/stores/2sWDvOBP9CWQI5sEKtVYu,https://smartstore.naver.com/ecot/profile?cp=2
테크,풀무원고메,"김진홍,박광순",풀무원건강생활(주),2026-03-24T01:55:44.190Z,풀무원고메,[블루밍] 풀무원 NEW 스팀 에프 출시! 오늘 라이브 단독 최저가✨,1037,https://view.shoppinglive.naver.com/replays/1874542,https://smartstore.naver.com/main/stores/2sWDy3c9wuxIH7gKceZbj,https://brand.naver.com/pulmuone_cooking/profile?cp=2
테크,드리미 한국 공식 대리점,,,2026-03-24T01:55:44.190Z,드리미 한국 공식 대리점,3월 고니와 함께하는 드리미 특별 라이브 ⭐,1124,https://view.shoppinglive.naver.com/replays/1872304,https://smartstore.naver.com/main/stores/2zl9lIVgwe5Myx2tanaCS,https://smartstore.naver.com/dreamekr/profile?cp=1
테크,ECOVACS,이기훈,더불정보기술(주),2026-03-24T01:55:44.190Z,ECOVACS,[블루밍] 에코백스 T90 프로옴니,1831,https://view.shoppinglive.naver.com/replays/1870786,https://smartstore.naver.com/main/stores/2sWE15wcizt55yeIb7lLj,https://brand.naver.com/ecovacs/profile?cp=2
테크,쿠쿠홈시스 주식회사,구본학,쿠쿠홈시스 주식회사,2026-03-24T01:55:44.190Z,쿠쿠홈시스 주식회사,쿠쿠 봄맞이 정수기 렌탈 라이브🌷 단 1시간⏰,688,https://view.shoppinglive.naver.com/replays/1855398,https://smartstore.naver.com/main/stores/2sWDyaJ42C8T8uZ9fy0V6,https://brand.naver.com/cuckoo-homesys/profile?cp=2
테크,로보락판매점,,,2026-03-24T01:55:44.190Z,핫IT슈,[핫IT슈] 로보락 신상 F25 Ace Pro 최대 41% 혜택!,270000,https://view.shoppinglive.naver.com/replays/1853186,,
테크,LG전자인증점 베스트CNF,,,2026-03-24T01:55:44.190Z,LG전자인증점 베스트CNF,"2026 새학기, 노트북은 가볍게 LG그램 😄",21000,https://view.shoppinglive.naver.com/replays/1851078,https://smartstore.naver.com/main/stores/2sWDvRJ5qvAoCcjyrBE71,https://smartstore.naver.com/bestcnfshop/profile?cp=2
테크,LG전자인증점 OK오아시스,,,2026-03-24T01:55:44.190Z,LG전자인증점 OK오아시스,[🧨한도없는 중복할인 쿠폰증정] ✨LG그램 루나레이크 특별 할인전,612,https://view.shoppinglive.naver.com/replays/1850655,https://smartstore.naver.com/main/stores/2sWDvsOa4Q0w9vL3PoWbz,https://smartstore.naver.com/okoasisok/profile?cp=2
테크,리본모바일,,,2026-03-24T01:55:44.190Z,리본모바일,전국 최저가 셀카 아이폰6,57,https://view.shoppinglive.naver.com/replays/1879060,https://smartstore.naver.com/main/stores/2t1UfZLV0XvlB6SuTTdqW,https://smartstore.naver.com/reborn_mobile/profile?cp=1
테크,삼성공식인증점 회산디지털,,,2026-03-24T01:55:44.190Z,삼성공식인증점 회산디지털,[AI라이브✨] 삼성공식인증점💙삼성 세탁기 건조기특가 LIVE💙,1116,https://view.shoppinglive.naver.com/replays/1875624,https://smartstore.naver.com/main/stores/2sWDvRSSHtglWPcAEEclp,https://smartstore.naver.com/qhdmsvmfkwk/profile?cp=2
테크,삼성공식파트너 제이유,,,2026-03-24T01:55:44.190Z,삼성공식파트너 제이유,👀갤럭시 버즈 라이브 🍀,0,https://view.shoppinglive.naver.com/replays/1877892,https://smartstore.naver.com/main/stores/2sWDvNvi7lOKv9xF6sBlm,https://smartstore.naver.com/judigital/profile?cp=2
테크,삼성공식파트너 삼성하나로,,,2026-03-24T01:55:44.190Z,삼성공식파트너 삼성하나로,⭐[AI라이브] 세탁부터 건조까지 하나로! 삼성공식파트너 삼성하나로,0,https://view.shoppinglive.naver.com/replays/1876319,https://smartstore.naver.com/main/stores/2sWDvekYBqrSVTURSbyko,https://smartstore.naver.com/hanaro8118/profile?cp=2
테크,삼성공식파트너 문성전자,,,2026-03-24T01:55:44.190Z,삼성공식파트너 문성전자,[멤버십데이] 삼성 1등급 냉장고 김치냉장고 식기세척기+구매인증👍,0,https://view.shoppinglive.naver.com/replays/1843567,https://smartstore.naver.com/main/stores/2sWDvTsHdR1u3gffVQ3tL,https://smartstore.naver.com/anstjd1509/profile?cp=2
테크,삼성공식파트너 동명에스앤디,,,2026-03-24T01:55:44.190Z,삼성공식파트너 동명에스앤디,✨삼성 4K 비즈니스 TV~ 봄맞이 라이브🌸,301,https://view.shoppinglive.naver.com/replays/1878433,https://smartstore.naver.com/main/stores/2sWDvPC5LWFXVOc5IpS56,https://smartstore.naver.com/good-com/profile?cp=2
테크,삼성전자공식파트너 큐소닉,,,2026-03-24T01:55:44.190Z,삼성전자공식파트너 큐소닉,[멤버십데이] 삼성전자 75~55인치 / 오디세이 OLED 게이밍 특가!,0,https://view.shoppinglive.naver.com/replays/1860938,https://smartstore.naver.com/main/stores/2sWE1ZsFoqyP4Xf2Amf6q,https://smartstore.naver.com/qsooonic/profile?cp=2
테크,삼성공식파트너 우주,,,2026-03-24T01:55:44.190Z,삼성공식파트너 우주,👀삼성가전 총 출동! 라이브로 만나보세요,926,https://view.shoppinglive.naver.com/replays/1877908,https://smartstore.naver.com/main/stores/2voA7WMxQjpwjgIoKH4M8,https://smartstore.naver.com/bwaves/profile?cp=2
테크,쿠진아트,김성모,(주)아이뉴스,2026-03-24T01:55:44.190Z,쿠진아트,쿠진아트 멤버십데이!,1295,https://view.shoppinglive.naver.com/replays/1876800,https://smartstore.naver.com/main/stores/2sWDvPfQVYWTXrIQC7RRx,https://brand.naver.com/cuisinart/profile?cp=2
테크,삼성공식파트너 다솜프라자,,,2026-03-24T01:55:44.190Z,삼성공식파트너 다솜프라자,"[AI라이브] 🏡집안 필수 가전, 오늘 다솜에서 가전 다품목!",755,https://view.shoppinglive.naver.com/replays/1872299,https://smartstore.naver.com/main/stores/2sWDz1df4Jt2jvAYAxaQO,https://smartstore.naver.com/dasomplaza/profile?cp=2
테크,삼성전자공식몰,,,2026-03-24T01:55:44.190Z,삼성전자공식몰,삼성 식기세척기 인덕션 ✨3월 혼수이사 LIVE,569,https://view.shoppinglive.naver.com/replays/1861499,https://smartstore.naver.com/main/stores/2sWDvSMbTlYyALZMVeXJG,https://smartstore.naver.com/clickstore/profile?cp=2
테크,LG전자인증점 더베스트지성,,,2026-03-24T01:55:44.190Z,LG전자인증점 더베스트지성,[LG가전 상담쇼] 무엇이든 물어보세요!,895,https://view.shoppinglive.naver.com/replays/1851169,https://smartstore.naver.com/main/stores/2sWDwDIs0hyCJfIkeIxJZ,https://smartstore.naver.com/lgbestjisung/profile?cp=2
취미레저,아디다스피트니스,서승도,(주)스포틀러,2026-03-24T01:55:44.190Z,아디다스피트니스,✨아디다스 브랜드데이✨역대급 혜택 UP TO ~55%,2299,https://view.shoppinglive.naver.com/replays/1866143,https://smartstore.naver.com/main/stores/2sWDyo9lcfDnRqkk48Kr8,https://brand.naver.com/adidasfitness/profile?cp=2
취미레저,스포틀러,서승도,(주)스포틀러,2026-03-24T01:55:44.190Z,스포틀러,🔥[스포틀러] 봄 맞이 유산소 지방 태우기 58% 특가 LIVE🔥,815,https://view.shoppinglive.naver.com/replays/1875091,https://smartstore.naver.com/main/stores/2wcOTNIbx7O95RBCTD2mf,https://brand.naver.com/sportler/profile?cp=2
취미레저,이고진헬스,이종애,(주)이고진,2026-03-24T01:55:44.190Z,이고진헬스,[EGOJIN] 봄맞이 건강 관리 홈트 라이브 특집,901,https://view.shoppinglive.naver.com/replays/1851795,https://smartstore.naver.com/main/stores/2sWDvMkJ61VQNaSUvtry1,https://brand.naver.com/egojin/profile?cp=2
취미레저,더이든 캠핑,,,2026-03-24T01:55:44.190Z,더이든 캠핑,3월 22일 시작! 🎁 사은품 증정 + 라이브 특가,499,https://view.shoppinglive.naver.com/replays/1874913,https://smartstore.naver.com/main/stores/2sWE0MKEfPbKmp0Mo3ZD0,https://smartstore.naver.com/the-eden/profile?cp=2
취미레저,아디다스골프,,,2026-03-24T01:55:44.190Z,아디다스골프,"[롯데아울렛 고양점] ""아디다스 골프"" 봄맞이",160,https://view.shoppinglive.naver.com/replays/1876969,https://shopping.naver.com/outlink/storehome/101958772,
취미레저,자손 창고,,,2026-03-24T01:55:44.190Z,나로채널v333,나로채널v333의 쇼핑라이브,22,https://view.shoppinglive.naver.com/replays/1878896,,
취미레저,에스엠테크놀로지,,,2026-03-24T01:55:44.190Z,에스엠테크놀로지,☀️자외선차단 마스크 야외활동🏕️캠핑 🎣낚시에 필수!,112,https://view.shoppinglive.naver.com/replays/1878330,https://smartstore.naver.com/main/stores/2sWE06f8sGo8ZQ96ATPcA,https://smartstore.naver.com/human00911/profile?cp=1
취미레저,커즈와일강남점,,,2026-03-24T01:55:44.190Z,커즈와일강남점,HDC영창 공식 직영 커즈와일 디지털피아노 최대 혜택 방송,300,https://view.shoppinglive.naver.com/replays/1850438,https://smartstore.naver.com/main/stores/2sWDypwzgRhqf1Od4ND4X,https://smartstore.naver.com/kurzweilgangnam/profile?cp=1
취미레저,파티마스토어,유은연,주식회사 파티마그룹,2026-03-24T01:55:44.190Z,파티마스토어,"네이버 단독! ☀️ 퍼펙트슬라이드, 케겔! 여름준비는 파티마로 🏃‍♀️",392,https://view.shoppinglive.naver.com/replays/1876917,https://smartstore.naver.com/main/stores/2svAZJeb3TygRTImyPFUv,https://brand.naver.com/patimastore/profile?cp=1
취미레저,더스크랙,장성훈,주식회사 더스크랙,2026-03-24T01:55:44.190Z,더스크랙,"[1시간 특가] 특허 오버레일 설계 적용, 하체 성형계단 에어버닝",435,https://view.shoppinglive.naver.com/replays/1875699,https://smartstore.naver.com/main/stores/2sWE0A1wbJH62su3UeHsl,https://brand.naver.com/duskrack/profile?cp=2
취미레저,디피아뮤직,,,2026-03-24T01:55:44.190Z,디피아뮤직,삼익 디지털피아노 베스트 품절주의 초특가,255,https://view.shoppinglive.naver.com/replays/1863921,https://smartstore.naver.com/main/stores/2ynKLCbPxXsT7thvrYG4V,https://smartstore.naver.com/dpiamusic/profile?cp=2
문화생활,스타영STARYOUNG,,,2026-03-24T01:55:44.190Z,스타영STARYOUNG,똑쟁아기그림책&낱말카드핫딜라이브 / 워크시트 증정,451,https://view.shoppinglive.naver.com/replays/1866411,https://smartstore.naver.com/main/stores/2sWDvgk3ZoJwhsvQ0R8gx,https://smartstore.naver.com/psy3457/profile?cp=1
문화생활,스타온StarOn,,,2026-03-24T01:55:44.190Z,스타온StarOn,[명화병풍&아기명화(병풍책)]핫딜 라이브 / 구매자전원 워크시트 증정,441,https://view.shoppinglive.naver.com/replays/1858263,https://smartstore.naver.com/main/stores/2vOb80An2h42N4OVIunkU,https://smartstore.naver.com/staron0108/profile?cp=1
문화생활,땡큐잉글리쉬,,,2026-03-24T01:55:44.190Z,땡큐잉글리쉬,땡큐잉글리쉬의 쇼핑라이브,229,https://view.shoppinglive.naver.com/replays/1810409,https://smartstore.naver.com/main/stores/2sWE0RE5C6hVwIBdnjChC,https://smartstore.naver.com/thankuenglish/profile?cp=1
문화생활,갓피플몰,,,2026-03-24T01:55:44.190Z,갓피플몰,갓피플쇼핑라이브 조혜련집사와 엄마동시 출연 성경통독 스토리 간증!,1626,https://view.shoppinglive.naver.com/replays/1802033,https://smartstore.naver.com/main/stores/2sWDvQ5w91iutgewY2VJA,https://smartstore.naver.com/godpeople/profile?cp=2
문화생활,가치샵몰,,,2026-03-24T01:55:44.190Z,가치샵몰,내 일상을 아트 갤러리로! 케이엔젤 감성 아트 라이브,313,https://view.shoppinglive.naver.com/replays/1778323,https://smartstore.naver.com/main/stores/2tmone0lwNFUGpFAKL8iB,https://smartstore.naver.com/gachishopmall/profile?cp=1
문화생활,온스타ONSTAR,,,2026-03-24T01:55:44.190Z,온스타ONSTAR,[별똥별국민책브랜드전][야물야물+인기전집x세이펜]초핫딜+사은품증정,1120,https://view.shoppinglive.naver.com/replays/1764347,https://smartstore.naver.com/main/stores/2yhCFhBZoslm3qOUS6Lmt,https://smartstore.naver.com/onstar2025/profile?cp=1
문화생활,사고두고,,,2026-03-24T01:55:44.190Z,사고두고,2025 아트라이브: 추석 에프터 컬렉팅 GO!,105,https://view.shoppinglive.naver.com/replays/1758648,https://smartstore.naver.com/main/stores/2sWDva0A85jZ1z66LoOcg,https://smartstore.naver.com/4go2go/profile?cp=1
문화생활,콘서트홀 나누,,,2026-03-24T01:55:44.190Z,콘서트홀 나누,"재즈 피아니스트 앙코르 콘서트, <언젠가 다시 만날 우리에게>",46000,https://view.shoppinglive.naver.com/replays/1759520,https://smartstore.naver.com/main/stores/2yAbgzgHaNdNgLsiTbUo8,https://smartstore.naver.com/concert_nanu/profile?cp=1
문화생활,기탄교육,,,2026-03-24T01:55:44.190Z,기탄교육,기탄교육 우리아이 2학기 집중학습세트📖,0,https://view.shoppinglive.naver.com/replays/1731346,https://smartstore.naver.com/main/stores/2sWDvkQSMxGpbufky5gbs,https://smartstore.naver.com/gitan/profile?cp=2
문화생활,JEBS정철영어성경학교,,,2026-03-24T01:55:44.190Z,JEBS정철영어성경학교,교회 공동체 프로그램 추천! [요셉이야기] 20% 할인★,418,https://view.shoppinglive.naver.com/replays/1710891,https://smartstore.naver.com/main/stores/2sWDveLarkNZE8v7aFcwZ,https://smartstore.naver.com/jebs/profile?cp=1
문화생활,명품먹거리연구소,,,2026-03-24T01:55:44.190Z,명품먹거리연구소,미추홀구청소년수련관 x 제물포여중 연극부! 공연 후기 연기자 인터뷰,243,https://view.shoppinglive.naver.com/replays/1715157,https://smartstore.naver.com/main/stores/2xChBxbgYLemnXNnAoTUX,https://smartstore.naver.com/luxuryfoodlab/profile?cp=1
문화생활,온다팩,,,2026-03-24T01:55:44.190Z,온다팩,2025 송도에서 무더위를 날려버릴 특별한 축제 8/22~8/30,0,https://view.shoppinglive.naver.com/replays/1701981,https://smartstore.naver.com/main/stores/2zxo1HiUUHekzANiqo7zy,https://smartstore.naver.com/ondafac/profile?cp=1
문화생활,디다노니아,,,2026-03-24T01:55:44.190Z,디다노니아,"[글로벌 9억 펀딩] 시간 순삭, 꿀잼 보드게임 렉시오",564,https://view.shoppinglive.naver.com/replays/1689361,https://smartstore.naver.com/main/stores/2sWDyzxMGKY6CQc5Drfa8,https://smartstore.naver.com/lexio2/profile?cp=1
문화생활,제이픽스토리,,,2026-03-24T01:55:44.190Z,제이픽스토리,"낙동강 생태 탐방선 연간 회원권 (부산타워, 태종대다누비열차, 해양치",1108,https://view.shoppinglive.naver.com/replays/1668362,https://smartstore.naver.com/main/stores/2z0zCScAMVk5Q1yyDEHcF,https://smartstore.naver.com/jpickstory/profile?cp=1
